ds,yhat,yhat_lower,yhat_upper,growth_percent
2023-05-19,6009.749381459822,5776.100690094368,6255.362065508284,
2023-05-20,5986.869333311434,5754.024547102306,6212.913722585721,-0.3807155123468742
2023-05-21,5960.281512680012,5719.50605624871,6198.396690504732,-0.4441022369318315
2023-05-22,5932.18008374598,5703.447008335313,6177.691562489326,-0.47147821582335103
2023-05-23,5889.7202386478075,5660.318604925844,6116.468096979941,-0.7157544865252996
2023-05-24,5877.494868468211,5649.536480491504,6111.158000321307,-0.20757132230788677
2023-05-25,5888.695648381027,5641.393034201887,6119.153474158675,0.1905706455467282
2023-05-26,5832.243533871843,5560.38227293388,6053.0942324103835,-0.958652270043947
2023-05-27,5807.434442638076,5584.850085989062,6054.415722705485,-0.42537817719174864
2023-05-28,5782.831959339949,5537.719508328315,6049.540423340763,-0.42363772748764683
2023-05-29,5760.408006086809,5521.944477886229,5988.342060498238,-0.3877676787222395
2023-05-30,5727.01614011338,5481.2028054305565,5977.214101973947,-0.5796788341753789
2023-05-31,5726.860267042574,5504.470479232964,5960.757008384182,-0.0027217152351655116
2023-06-01,5752.692665087649,5514.316190033912,5984.662725734845,0.45107435558953135
2023-06-02,5712.964981003696,5465.411319942776,5947.81337397021,-0.6905928475034906
2023-06-03,5706.422683571001,5468.526319838564,5922.429473341865,-0.11451667311894731
2023-06-04,5701.088718365075,5441.184853895816,5951.326660054588,-0.0934730128085759
2023-06-05,5698.3804494032165,5470.984512976422,5938.58652771341,-0.047504417062205206
2023-06-06,5684.609701288038,5444.46950442306,5916.890117441629,-0.24166073566780355
2023-06-07,5703.449112494039,5476.180365989927,5926.937393197997,0.3314108126320825
2023-06-08,5747.170007088654,5521.190690803832,5981.105739884667,0.7665693816543362
2023-06-09,5723.814034043631,5496.042534338712,5976.092882321629,-0.40639085003949527
2023-06-10,5731.7337717015325,5494.276930925113,5965.793301553041,0.13836469198329482
2023-06-11,5738.6620245532,5502.727024113462,5976.876648888869,0.12087534291760349
2023-06-12,5745.797191522699,5503.540901568287,5971.211521845251,0.12433502685766928
2023-06-13,5739.319892368229,5502.662218300299,5983.588304675091,-0.11273107870960475
2023-06-14,5762.844769620237,5531.6480204061145,6019.572553178304,0.4098896331478086
2023-06-15,5808.684326370501,5576.713207411254,6051.0980316702435,0.7954327868054945
2023-06-16,5785.026023358717,5539.26848739314,6021.831916079554,-0.4072919388023788
2023-06-17,5790.402968488746,5551.096532250763,6029.397391408793,0.09294591084496595
2023-06-18,5792.832355565923,5554.62853309028,6033.812056076535,0.041955406046811916
2023-06-19,5793.852783430218,5565.094617588177,6050.239228608319,0.017615352933786355
2023-06-20,5780.041472303163,5540.4225502286345,6002.940344828619,-0.23837870314126208
2023-06-21,5795.436445107856,5547.8667677525755,6028.3242606928,0.2663470993843786
2023-06-22,5832.8126033515455,5589.5039284434915,6071.004808750233,0.6449239603902424
2023-06-23,5800.852277048679,5551.888537285829,6026.892308129317,-0.5479402215751272
2023-06-24,5798.53604673263,5579.25338885264,6049.423057983992,-0.03992913808912313
2023-06-25,5794.342699345428,5551.002347520318,6046.142579095372,-0.07231734619577157
2023-06-26,5790.233410244636,5550.8495086342145,6036.523292582689,-0.07091898622524351
2023-06-27,5773.167137259618,5537.6268135695345,6008.9911864109135,-0.29474240114089056
2023-06-28,5787.493509318062,5565.613015598354,6029.061516063316,0.24815446561354815
2023-06-29,5826.244197601309,5583.736243516315,6079.639025659044,0.669559079778792
2023-06-30,5798.302616678802,5558.427144380142,6028.631422485085,-0.4795813559275497
2023-07-01,5802.723059652841,5562.022737030288,6042.427736623822,0.07623684492290561
2023-07-02,5808.002605106016,5573.3562948360695,6049.388315217687,0.09098392942246125
2023-07-03,5816.024558806367,5579.064841565963,6052.222829212698,0.13811897558893005
2023-07-04,5813.586040932792,5589.450180651751,6040.024256598962,-0.041927571813349385
2023-07-05,5844.776827627593,5617.234922085661,6078.465806465677,0.5365154394411764
2023-07-06,5902.302071401582,5659.9307689430825,6135.638147648122,0.9842162578744373
2023-07-07,5894.667572418509,5649.134799752899,6136.914027770365,-0.1293478187106789
2023-07-08,5920.443558014972,5665.9609458890545,6157.887477861206,0.4372763227068255
2023-07-09,5947.624334863063,5713.60441224396,6197.150257750675,0.4591003458059184
2023-07-10,5977.545813651516,5735.697462070692,6199.334638080683,0.5030828630695927
2023-07-11,5996.438736283405,5764.713470152308,6224.8910781826335,0.3160648737938754
2023-07-12,6047.805172399858,5801.81364749821,6302.234914381176,0.8566157076806968
2023-07-13,6123.7822287436775,5888.547174975391,6354.811006302225,1.2562748663027978
2023-07-14,6132.350206343193,5891.631918846994,6383.563676400618,0.13991316607080417
2023-07-15,6171.545819517736,5937.980274597779,6408.638313421804,0.6391613631915538
2023-07-16,6208.911740641126,5964.2239518308415,6445.162122978965,0.6054548117461644
2023-07-17,6245.38765324047,6014.971918995355,6484.254711303104,0.5874767450886331
2023-07-18,6266.885881424683,6027.744982200975,6497.960335329552,0.3442256810601396
2023-07-19,6316.659715193325,6062.685761930792,6547.575598334473,0.7942355216036923
2023-07-20,6386.699855329858,6134.961105247799,6627.478637790908,1.1088161036768795
2023-07-21,6384.955005284409,6157.331109418898,6608.4576905250915,-0.027320057071311687
2023-07-22,6409.4821678839635,6176.237389496089,6658.177641033521,0.38413994427926035
2023-07-23,6427.972148350795,6182.90598955912,6672.0814719642085,0.28847853824258696
2023-07-24,6441.599007799514,6206.782767643045,6689.04963553046,0.21199313149193877
2023-07-25,6436.6021831453745,6205.3460454196465,6667.257897370209,-0.07757118454733147
2023-07-26,6456.630373119846,6227.473762372426,6707.701713816982,0.3111609107506519
2023-07-27,6494.154530700735,6270.668000814341,6721.4489344663725,0.5811724601288981
2023-07-28,6457.685211820992,6212.805899495176,6685.648461460159,-0.5615714671915684
2023-07-29,6445.845195893132,6210.461543443906,6671.552114052134,-0.18334767861069023
2023-07-30,6426.95750297938,6174.498332475547,6659.71596664985,-0.29302119954395245
2023-07-31,6402.841460798507,6170.473761484312,6662.533832759865,-0.3752326379891757
2023-08-01,6360.391485260041,6109.880858301962,6606.174381248093,-0.6629865161954518
2023-08-02,6343.88889872708,6112.120777441158,6581.357187257968,-0.25945866022877295
2023-08-03,6346.4262255718695,6120.664730498802,6599.89095843849,0.03999639472402894
2023-08-04,6277.117730215144,6034.926339867037,6506.52342012139,-1.0920869934240907
2023-08-05,6235.096647510657,5995.76450025675,6469.708039435176,-0.6694327637383091
2023-08-06,6189.165553612931,5937.564070873603,6417.593329400836,-0.7366540808323108
2023-08-07,6141.544645587527,5898.5507945533545,6382.001851206862,-0.7694237230026157
2023-08-08,6079.454241244822,5829.277818028335,6329.149780173466,-1.0109900346863876
2023-08-09,6047.40359804978,5808.780535209911,6289.596445493352,-0.5271960594357417
2023-08-10,6038.637487637891,5780.127812322791,6270.740010954023,-0.14495659616162726
2023-08-11,5962.354036539075,5724.1350064348335,6186.26535119237,-1.2632560118897795
2023-08-12,5917.634866944095,5676.88645330585,6149.691381746282,-0.7500253980378901
2023-08-13,5873.177389856272,5618.438510732701,6110.281756054987,-0.7512710413439372
2023-08-14,5831.008139869492,5612.564710358449,6060.298833272271,-0.7179972132224766
2023-08-15,5778.0836566668895,5552.523466902434,6009.139635810686,-0.9076386438346962
2023-08-16,5758.570494469458,5528.056836638211,5998.21948809591,-0.3377099287047658
2023-08-17,5765.327532122714,5533.68440091153,5996.008650344992,0.11733880239452876
2023-08-18,5707.14253971357,5457.906528562635,5937.254559086185,-1.0092226692231088
2023-08-19,5682.608571406752,5464.506269716191,5926.902943965149,-0.42988182152621235
2023-08-20,5659.944827453136,5429.056384078852,5891.321134363835,-0.3988264134125563
2023-08-21,5640.683100869902,5395.910877377298,5876.093136906918,-0.3403165078536885
2023-08-22,5611.292196192658,5374.604261083966,5826.302614202882,-0.5210522227832914
2023-08-23,5615.452122300488,5361.35521889199,5842.816942929675,0.07413490444594384
2023-08-24,5645.572936153352,5402.793374031221,5896.985326026271,0.5363916065323826
2023-08-25,5610.048668450539,5365.784257073739,5849.519316824518,-0.629241143539605
2023-08-26,5607.076526556898,5389.863052618159,5838.2591761633785,-0.052978896784894314
2023-08-27,5604.560954519872,5365.182786953463,5854.305730046967,-0.04486423584753041
2023-08-28,5603.7660895380795,5387.448999216145,5843.461025611631,-0.014182466534717886
2023-08-29,5588.080227078202,5333.876875694738,5841.7451087172,-0.27991643850305836
2023-08-30,5603.879675005837,5364.30994004002,5839.307476689001,0.2827348084781578
2023-08-31,5643.450811569412,5408.891100264141,5893.864856523265,0.7061382267015359
2023-09-01,5615.33078374157,5382.799712806735,5855.520209922859,-0.4982771847713119
2023-09-02,5617.569958818684,5362.839975635861,5845.161912618618,0.039876102821900794
2023-09-03,5618.207137001522,5377.736149107863,5873.209245382932,0.011342594529462069
2023-09-04,5618.622890709079,5360.897833534694,5861.146250339669,0.007400113549027587
2023-09-05,5605.296689280068,5368.687656063897,5839.64051750961,-0.23717913959037107
2023-09-06,5621.744708836927,5376.034293517585,5864.41902235666,0.29343709117690686
2023-09-07,5660.49276004823,5420.0010094747395,5901.434385481199,0.689253127243461
2023-09-08,5630.652693750336,5389.936072518106,5876.282390447346,-0.5271637569878251
2023-09-09,5630.125778003956,5382.456204696761,5876.650565465391,-0.00935798698727952
2023-09-10,5627.298465042384,5385.251348675217,5886.64354934484,-0.05021758079752914
2023-09-11,5623.760366581666,5378.849753055111,5856.183078870981,-0.06287383693431847
2023-09-12,5606.240451006213,5375.734957375845,5837.226679224875,-0.3115338213833252
2023-09-13,5618.261928243766,5384.140605911742,5862.892249040481,0.21443028251482144
2023-09-14,5652.526995165463,5438.005306865762,5893.453346120295,0.609887316741875
2023-09-15,5618.615702582632,5374.174369914676,5863.910909470972,-0.5999315458702692
2023-09-16,5614.136511431615,5376.672779604706,5850.215839803833,-0.07972054662785943
2023-09-17,5607.649834791541,5351.831283536279,5842.537543218037,-0.1155418402610131
2023-09-18,5600.758580149864,5355.895468866912,5842.312983288558,-0.12289024537376347
2023-09-19,5580.231787019064,5336.034656370751,5810.809793514414,-0.36650023094284556
2023-09-20,5589.385110636789,5351.620851060494,5845.531459058384,0.16403124398916002
2023-09-21,5620.885784511736,5387.754422937367,5852.322647717038,0.5635803089502733
2023-09-22,5584.581953359814,5345.055891256735,5837.338003228568,-0.6458738452212787
2023-09-23,5576.938487017053,5351.7115088020455,5825.105239194045,-0.13686729654244223
2023-09-24,5567.20404556936,5331.043775564445,5799.21075165944,-0.17454812295949473
2023-09-25,5556.869119851766,5317.524393083211,5794.998154482084,-0.18563942749355578
2023-09-26,5532.6581684511675,5289.760335190632,5768.155466151386,-0.43569410901015404
2023-09-27,5537.604679722504,5299.952800030638,5757.6626266381245,0.08940569109336938
2023-09-28,5564.320889449932,5335.824996618379,5819.2214692436355,0.4824506491995839
2023-09-29,5523.014969926817,5283.987254858663,5749.501824086749,-0.7423353243597441
2023-09-30,5510.339812180412,5282.990157607149,5743.375841834658,-0.22949707388847385
2023-10-01,5495.010753991842,5254.114956325315,5740.36254653423,-0.27818716650988007
2023-10-02,5478.531541793802,5229.87104150163,5709.150919118993,-0.2998940845760578
2023-10-03,5447.739283965395,5217.772425912892,5690.934137381339,-0.5620531267092943
2023-10-04,5445.542091448438,5204.735144418884,5686.525681652638,-0.04033218923349402
2023-10-05,5464.693515749761,5218.771145477686,5719.524928361466,0.3516899507837401
2023-10-06,5415.960127168805,5170.348539856607,5647.848686680978,-0.8917863086100208
2023-10-07,5395.689319323104,5160.727343096202,5645.643200155178,-0.37427911893246346
2023-10-08,5372.916157416198,5128.390963412703,5588.308860905734,-0.42206214181663704
2023-10-09,5349.320749399258,5122.762588722252,5567.247003055459,-0.4391545917643236
2023-10-10,5311.993209960232,5080.902036396888,5558.007447363476,-0.697799612095007
2023-10-11,5303.828094476579,5081.396112711704,5555.130076338412,-0.1537109548322202
2023-10-12,5317.7987071095595,5069.79140071583,5578.094301168464,0.26340621121430097
2023-10-13,5265.271314894777,5029.988237041467,5517.843538445045,-0.9877657111119431
2023-10-14,5242.289444267459,5006.395274294511,5474.465208274103,-0.43648027333947903
2023-10-15,5218.1686285416745,4990.233394163174,5465.757170124787,-0.46011987667260446
2023-10-16,5194.6853205719235,4957.516543647733,5445.683155600215,-0.4500296874521248
2023-10-17,5159.063353488714,4916.015041680399,5403.012797630768,-0.6857386903137308
2023-10-18,5154.027965065185,4924.556091246036,5395.346262489983,-0.09760276388395273
2023-10-19,5172.5839991197545,4925.269599816405,5415.985169009732,0.3600297511062278
2023-10-20,5126.481882639344,4878.117071194898,5351.0317590231425,-0.8912782564431287
2023-10-21,5111.224483889119,4879.396313893366,5360.939383736963,-0.29761928549661976
2023-10-22,5096.156585411519,4850.730293162451,5339.941533583573,-0.2948001701959191
2023-10-23,5082.892707154228,4854.81822061228,5331.464520782756,-0.2602721881674541
2023-10-24,5058.5327460427625,4833.618965326078,5311.218677070144,-0.47925389172939203
2023-10-25,5065.383346001971,4827.892590220631,5315.042512694763,0.1354266207838295
2023-10-26,5096.247579229205,4873.288180336515,5333.648517867656,0.6093168299215579
2023-10-27,5063.049863792584,4832.916635679102,5289.006952451563,-0.6514148875326531
2023-10-28,5060.571932128175,4840.607395439251,5284.303655967884,-0.04894148252675423
2023-10-29,5058.042738507671,4836.081526992371,5301.529882131102,-0.04997841458288521
2023-10-30,5056.809884119559,4844.241387380191,5302.761687890069,-0.024374139402305595
2023-10-31,5043.78796027949,4802.603291857396,5300.64112410739,-0.25751262433184596
2023-11-01,5060.849509088706,4815.961353383858,5302.148509184246,0.33826855814673706
2023-11-02,5100.62707568956,4868.784295495785,5336.798158594911,0.7859859600531038
2023-11-03,5075.296572697599,4834.196445738797,5312.622778083285,-0.49661546739401263
2023-11-04,5079.040488061664,4835.759391232058,5312.355280832612,0.0737674204933203
2023-11-05,5081.135033731509,4819.44171548809,5309.6525211030275,0.0412390032087373
2023-11-06,5082.860748548461,4848.870861134193,5304.543157529785,0.03396317565851348
2023-11-07,5071.178020750093,4824.309464177757,5316.476710699365,-0.22984552157372384
2023-11-08,5087.7811786883385,4861.139161996458,5325.082540554292,0.3274023879719534
2023-11-09,5125.4057097531495,4895.059606675064,5368.546486721213,0.7395076506515608
2023-11-10,5096.7623387110625,4851.644935470381,5339.518459939992,-0.5588508044852225
2023-11-11,5095.71944453522,4846.6888326497665,5348.0141805087205,-0.02046189534720133
2023-11-12,5091.8793625387,4862.181605312875,5323.887216524292,-0.07535897606447683
2023-11-13,5086.723108594483,4856.228652214892,5321.84250008356,-0.10126425975743869
2023-11-14,5067.497040003899,4843.950628352326,5306.388216427098,-0.37796569972718963
2023-11-15,5075.931859081059,4819.484894679212,5298.740617381228,0.16644941300554272
2023-11-16,5105.046080155126,4862.54982348645,5342.358008330166,0.5735739147479046
2023-11-17,5068.225630825212,4837.154511374024,5297.496895165754,-0.7212559642320704
2023-11-18,5059.12233285439,4825.766350561362,5291.575840282782,-0.17961508886769062
2023-11-19,5047.71615595563,4815.4152053495445,5297.273110164797,-0.22545762186234608
2023-11-20,5035.687560117633,4795.033245894158,5274.636156592584,-0.2382977858967794
2023-11-21,5010.532493444027,4765.069990300506,5260.809920594834,-0.4995358900507174
2023-11-22,5013.931009300319,4775.265088292342,5271.965621962738,0.06782743871511787
2023-11-23,5039.055273543061,4802.396110799323,5295.14879878234,0.5010891493349101
2023-11-24,4999.798942768574,4757.414006992619,5248.696522452504,-0.7790414798701906
2023-11-25,4989.397332957239,4746.878806850727,5232.8551052615485,-0.208040561838585
2023-11-26,4977.981313750187,4729.852366684974,5202.802855755306,-0.22880557400478674
2023-11-27,4967.187320183295,4719.58666117121,5198.541251532614,-0.21683475462386248
2023-11-28,4944.499575689502,4700.73871810887,5184.382006645276,-0.45675234355678773
2023-11-29,4951.284664613976,4727.363880419558,5186.57000647849,0.13722498749588752
2023-11-30,4980.609102889085,4753.032244682953,5217.1800034882135,0.5922591864831794
2023-12-01,4946.626202817035,4710.248627784316,5184.381694210567,-0.6823040991580265
2023-12-02,4941.925245851437,4693.173025980321,5191.254184561819,-0.09503360013176643
2023-12-03,4936.583721771516,4693.16946578259,5183.302971012095,-0.1080858939419338
2023-12-04,4932.020902796865,4698.2232237525195,5162.207583302825,-0.09242867601998439
2023-12-05,4915.572199222944,4662.813893426637,5152.3565107885015,-0.33350839134913546
2023-12-06,4928.193465802434,4703.438005405795,5183.680648524765,0.2567608829239676
2023-12-07,4962.790676799928,4721.500029264043,5207.984747075854,0.7020262341072891
2023-12-08,4933.769237182105,4708.275736736924,5161.97717857794,-0.5847806508038511
2023-12-09,4933.100877100008,4694.560060220205,5193.48451401434,-0.013546642535688935
2023-12-10,4930.883971296153,4690.349144034727,5165.569315654484,-0.04493939733011265
2023-12-11,4928.4342496641575,4682.03098075062,5176.862493643347,-0.0496811858939572
2023-12-12,4913.087334603611,4675.6160454262645,5159.946505002213,-0.3113953495796684
2023-12-13,4925.568074952628,4692.199841284717,5181.615770726585,0.25403050055945453
2023-12-14,4958.826127875562,4725.77030271916,5184.828597128299,0.6752125321758617
2023-12-15,4927.733313731602,4676.563808580797,5170.336367356812,-0.6270196482424439
2023-12-16,4923.884933672107,4691.792768194639,5164.085051619847,-0.07809635413448257
2023-12-17,4917.6368528775365,4675.258138081875,5142.271034726951,-0.1268933145013751
2023-12-18,4910.434138038363,4660.443420648689,5140.1151539829525,-0.1464669932867979
2023-12-19,4889.834306095282,4637.573500816511,5120.161968198143,-0.4195114192349192
2023-12-20,4896.534896864313,4653.324793179943,5127.768029921989,0.13703103928650595
2023-12-21,4923.708469443079,4682.5786326492835,5165.848606669833,0.5549551499401728
2023-12-22,4886.846436488419,4654.188174886523,5131.975420781697,-0.7486640036352243
2023-12-23,4877.279004454661,4618.345696923958,5108.072595960089,-0.195779264973861
2023-12-24,4865.696762554168,4618.68431417676,5110.605307471268,-0.23747343323836656
2023-12-25,4853.711295550149,4600.881602328924,5102.5069481360115,-0.2463258108531985
2023-12-26,4829.098175619561,4588.341687658478,5065.6068641310485,-0.5070989688478855
2023-12-27,4832.48309679347,4599.108234962684,5099.036650682384,0.07009427124506917
2023-12-28,4857.177885880775,4610.236695693547,5101.387968416657,0.5110165642108644
2023-12-29,4819.173638989669,4571.1947057045845,5043.861463019089,-0.7824347344078109
2023-12-30,4809.383238230794,4582.744844975054,5063.012139668319,-0.20315517746996026
2023-12-31,4798.652404477251,4552.7440436844545,5020.015384345947,-0.22312286673769055
2024-01-01,4788.558090133321,4550.481146119845,5035.244386019272,-0.210357273106776
2024-01-02,4766.877681707242,4516.976830059572,5007.033819131625,-0.4527544203911882
2024-01-03,4773.940638634121,4545.7883742489685,5019.5002283251015,0.14816736233829175
2024-01-04,4802.972638522993,4568.8429384870315,5041.777334913156,0.6081349159209326
2024-01-05,4770.245246496447,4527.470993588219,5004.723593118728,-0.681398677228573
2024-01-06,4766.047968668786,4528.565890234959,4995.66430899195,-0.08798872197910423
2024-01-07,4761.195313114541,4512.249888211787,5007.783516942572,-0.10181717821863279
2024-01-08,4757.068877199633,4515.104392161171,4987.3101157223855,-0.08666806638959468
2024-01-09,4741.317855969992,4503.4026655294,4982.347369304132,-0.3311076975390237
2024-01-10,4753.880273115501,4528.364259524013,4972.074212143269,0.2649562321515919
2024-01-11,4787.838365993182,4550.5233190240415,5035.044980264362,0.7143236877403814
2024-01-12,4759.726503364631,4522.794368133417,5024.350923514112,-0.5871514549911083
2024-01-13,4759.233365459974,4517.099590482673,5000.545262525978,-0.010360635307682386
2024-01-14,4757.204287231012,4513.542010899854,5004.296343946335,-0.04263456050901393
2024-01-15,4754.925069098019,4515.798805703461,4991.7722713646535,-0.04791087360093149
2024-01-16,4740.050625858144,4494.3693703403305,4972.768238916203,-0.3128218220838752
2024-01-17,4752.291568700307,4531.655346982163,4981.912513803334,0.2582449810849319
2024-01-18,4784.775565595298,4552.3058257014845,5023.890123151602,0.6835438530105709
2024-01-19,4754.507543079772,4508.675031443645,4994.182110113794,-0.6325902249870619
2024-01-20,4750.795356759673,4508.309095102547,4998.785438910494,-0.07807719908873301
2024-01-21,4744.740396717715,4501.22783966005,4966.294662658077,-0.1274515020593947
2024-01-22,4737.755922066962,4496.972388165648,4964.35951583027,-0.14720456899148804
2024-01-23,4717.716697884306,4490.258477943074,4960.109047582832,-0.4229686905000585
2024-01-24,4724.304048492711,4505.981367812561,4964.67853102197,0.1396300589935784
2024-01-25,4750.866803738455,4526.907894061969,4980.710850429412,0.5622575298517951
2024-01-26,4715.028088430533,4476.313751159387,4958.8885942822,-0.754361609963905
2024-01-27,4705.829661632887,4448.614843435693,4931.226441158671,-0.1950874231315125
2024-01-28,4696.292479541785,4460.708128371287,4946.719499450177,-0.20266738868301992
2024-01-29,4686.405043977092,4474.425894000431,4929.487550645266,-0.21053704827297404
2024-01-30,4664.247462283505,4420.819289454572,4892.442819275274,-0.4728055190633462
2024-01-31,4669.4699983314695,4418.99250512035,4915.268872546271,0.11196953185257374
2024-02-01,4695.576878545321,4451.881713456649,4921.751153294943,0.5590972899104152
2024-02-02,4660.544384795558,4436.772106332606,4893.1286383844035,-0.7460743302879602
2024-02-03,4653.142901665293,4418.165823971586,4890.6914126010515,-0.15881155760282262
2024-02-04,4644.910799541617,4385.052251918291,4887.374471206231,-0.17691487877429246
2024-02-05,4637.392098905362,4400.060151810063,4890.2755629832345,-0.1618696453115298
2024-02-06,4618.6352708136765,4358.838887357444,4863.025124304921,-0.404469315762912
2024-02-07,4628.080999456755,4394.394962333875,4861.540920622276,0.20451341336191753
2024-02-08,4659.12302475136,4417.985330535813,4910.021864526248,0.6707321090155594
2024-02-09,4629.812928444002,4391.053877302376,4877.424310761811,-0.629090413617539
2024-02-10,4628.495002066066,4379.584910736249,4867.513677254905,-0.02846608271878104
2024-02-11,4626.594572830527,4378.651308708169,4854.807321328175,-0.04105933429097153
2024-02-12,4625.44820292119,4359.811663313192,4872.560987949237,-0.024777833702316343
2024-02-13,4612.9311863169905,4366.707044245279,4842.949540697594,-0.2706119721823885
2024-02-14,4628.169333428087,4401.452003529185,4850.508388928261,0.33033545257072916
2024-02-15,4664.380556808348,4431.953553745874,4893.733828304872,0.7824092156420548
2024-02-16,4639.66882570541,4394.898356489214,4880.452994368554,-0.5297966321994751
2024-02-17,4641.973010708,4405.957909741442,4874.260393711196,0.049662704153030646
2024-02-18,4642.669441689381,4395.133484099629,4865.603417107813,0.0150029088875403
2024-02-19,4642.993059202106,4399.7744263553295,4882.696345034084,0.006970505154213491
2024-02-20,4630.790689877817,4397.621854074367,4884.541895524411,-0.2628125687180294
2024-02-21,4645.052679583076,4397.331769192726,4877.981900907923,0.3079817391969941
2024-02-22,4682.458050074283,4439.195080500564,4931.182815641073,0.8052733321113781
2024-02-23,4657.928762469541,4410.78000865183,4909.695759509061,-0.5238549356433309
2024-02-24,4659.303064252272,4422.645112910327,4897.1943902281755,0.029504568507010553
2024-02-25,4658.138138689453,4414.497582290109,4901.1379559782035,-0.025002141881624862
2024-02-26,4655.823389042378,4415.211134011493,4902.254573505615,-0.04969259343875487
2024-02-27,4640.370859181083,4419.307470658046,4892.943378618837,-0.3318968218954166
2024-02-28,4651.040508644957,4394.607609881376,4886.385748632322,0.22993096430568016
2024-02-29,4681.345094458326,4443.721676861,4905.469957502189,0.6515657250681928
2024-03-01,4649.642913346973,4390.411314265418,4895.99987604162,-0.677202395287646
2024-03-02,4644.20984826574,4410.664695557931,4872.321086664629,-0.1168490824453805
2024-03-03,4636.768869617641,4404.89409518041,4899.708946189058,-0.16022055185291872
2024-03-04,4628.931201929133,4383.01332824006,4867.266082918491,-0.16903296042777294
2024-03-05,4608.880546413641,4368.9902704017695,4855.274847612661,-0.43315950574368545
2024-03-06,4616.139793962461,4402.9197369454705,4865.524358350439,0.1575056562155508
2024-03-07,4644.347773295197,4394.829330049473,4894.935772297784,0.6110729005570636
2024-03-08,4611.779877620453,4367.238476164156,4861.694917197416,-0.7012372299509573
2024-03-09,4606.977148968056,4377.8112191415,4844.789405487836,-0.10414045726039323
2024-03-10,4601.61728180699,4373.38191839077,4844.411068719253,-0.11634238650970463
2024-03-11,4597.289652337453,4371.696319154896,4836.043725405768,-0.09404583659415877
2024-03-12,4582.080435702744,4353.152059534917,4813.679204217203,-0.3308300713003032
2024-03-13,4595.488760886084,4352.62904442686,4821.9707324180545,0.29262526861957294
2024-03-14,4630.984008542025,4386.706854676325,4853.836031879161,0.7723933079339496
2024-03-15,4606.463428926022,4380.230586051791,4836.602021214827,-0.5294896197173937
2024-03-16,4610.447521873759,4379.080846178801,4859.6410902638845,0.08648919087730356
2024-03-17,4614.301670679813,4383.059176647274,4835.332754824586,0.08359598038516491
2024-03-18,4621.619788476031,4378.637099085247,4868.424529854517,0.15859643167068782
2024-03-19,4617.912925459283,4372.110898587816,4857.855521226878,-0.0802070093691376
2024-03-20,4642.536341379893,4378.720734077762,4877.741356982539,0.5332152493577214
2024-03-21,4688.704879127651,4431.288456509055,4928.624052767494,0.9944679880316221
2024-03-22,4673.706642580697,4432.757536792911,4899.477866134804,-0.31988015739102815
2024-03-23,4686.207696570974,4437.692915061554,4930.290134688632,0.2674762227561134
2024-03-24,4697.255346074481,4460.995552173445,4929.26891685535,0.23574818315439394
2024-03-25,4708.028442168845,4455.159185228811,4956.14119356043,0.22934874305624575
2024-03-26,4706.11972717498,4458.941203665385,4947.961002279864,-0.0405417048199852
2024-03-27,4731.047284359696,4498.77098462202,4970.8430313546705,0.5296838718482855
2024-03-28,4775.978923521748,4540.024849505059,5010.166218230166,0.9497186661099333
2024-03-29,4757.77934948604,4507.607451866878,5013.22659175193,-0.38106478958847
2024-03-30,4765.72246404013,4514.974740079165,5003.244069416708,0.166950040567726
2024-03-31,4770.847978745786,4527.1001325522375,5016.923576609319,0.10754958444036955
2024-04-01,4774.549732754054,4534.698560278312,5038.671400483532,0.07759111220393411
2024-04-02,4764.604729958229,4545.8150898829,4996.897567571093,-0.20829195112580523
2024-04-03,4781.0497979161355,4528.536621875625,5023.100568777519,0.3451507289682576
2024-04-04,4817.34085144254,4576.540801589139,5046.61068381189,0.7590603541134833
2024-04-05,4790.222917572118,4563.715904087468,5033.165970651021,-0.5629232953757501
2024-04-06,4789.840083917876,4573.232491063357,5028.879724515624,-0.007991979931409876
2024-04-07,4787.436472932783,4542.665826676369,5010.157115694068,-0.05018144537148883
2024-04-08,4784.774864004111,4528.7391006155985,5014.008091778854,-0.0555957022870146
2024-04-09,4769.906228751674,4526.6724129833265,5020.7065300599415,-0.3107488998969288
2024-04-10,4783.407128344485,4551.6372142554055,5004.480227354989,0.2830432915312153
2024-04-11,4818.9712701980625,4601.14487872042,5063.043103297348,0.7434897532104134
2024-04-12,4793.101801479296,4568.574642865986,5016.110981907503,-0.536825543633157
2024-04-13,4796.620367963911,4542.5470310389055,5022.762637894044,0.07340896626750748
2024-04-14,4800.715964125484,4559.821158629254,5062.185955091617,0.0853850387853683
2024-04-15,4807.199360025816,4572.359343093722,5050.995878453337,0.1350506038845234
2024-04-16,4804.020504068579,4578.813822907374,5043.769940638751,-0.06612698411616602
2024-04-17,4831.875720605522,4584.559466311772,5075.249315390802,0.579831341547199
2024-04-18,4884.242088466887,4647.324367259772,5132.041747715523,1.083768931349982
2024-04-19,4876.903727287617,4645.39108118712,5113.561628973849,-0.15024564807298857
2024-04-20,4900.872577709792,4657.276421329879,5137.58537714951,0.49147680090675383
2024-04-21,4926.798283513617,4694.147648543254,5160.357647851964,0.5290018337089863
2024-04-22,4956.071769740404,4718.895343193602,5211.70273594366,0.5941685561745791
2024-04-23,4976.103674914879,4744.282761087608,5207.4477235725935,0.40418916644389125
2024-04-24,5027.3139585838935,4799.458371673314,5244.047676985977,1.02912413033458
2024-04-25,5102.620798651032,4850.332303035414,5345.534684628014,1.4979537917769292
2024-04-26,5116.81131555511,4886.6075186228245,5364.541822809388,0.278102517589196
2024-04-27,5160.882957999028,4917.1278716393945,5403.754807115073,0.8613106821027339
2024-04-28,5204.821472521775,4968.063867701863,5441.091477081862,0.8513759153294664
2024-04-29,5249.558635542316,5023.057218573189,5486.619851898935,0.8595330936272294
2024-04-30,5282.01450029078,5036.852313561099,5517.936024617702,0.6182589242592851
2024-05-01,5342.46987342432,5105.0176829128895,5580.180102774707,1.1445514420721947
2024-05-02,5423.507820339931,5212.32062559379,5639.383458544206,1.516862964800736
2024-05-03,5439.224567536278,5206.2219606323615,5679.406596770731,0.2897893340801483
2024-05-04,5480.984971809509,5243.839469806558,5715.339428796738,0.7677639294850103
2024-05-05,5518.559942821229,5268.9357579328325,5758.870497589484,0.685551432908138
2024-05-06,5552.927792224035,5307.8348757248195,5780.007425114665,0.622768435223997
2024-05-07,5571.068120745939,5333.85148301747,5815.740211769315,0.32668043238932576
2024-05-08,5610.765460874523,5381.461257527603,5856.255836023045,0.7125624614202186
2024-05-09,5667.745389051953,5422.169318829695,5904.360210535957,1.0155464272168624
2024-05-10,5656.119977550957,5401.676454106046,5887.804057897301,-0.20511527429323273
2024-05-11,5668.121230717188,5425.995761368442,5919.9404546115575,0.21218172906274368
2024-05-12,5673.9024933410055,5443.843650158673,5912.556370668457,0.10199610044483443
2024-05-13,5675.006504607629,5445.379606200852,5908.457989094939,0.019457706013081832
2024-05-14,5658.981635510953,5423.102223563409,5880.562736130026,-0.28237622430326015
2024-05-15,5667.2338864312205,5431.732248077116,5908.874840279418,0.14582572363344148
2024-05-16,5693.172978015452,5458.36229340119,5944.26020392759,0.45770286005553107
2024-05-17,5651.351661838859,5405.992769622672,5879.614421463099,-0.7345871333628518
2024-05-18,5634.740071213844,5383.896724483075,5851.4254187546385,-0.2939401336000014
2024-05-19,5613.968272069359,5383.055818195913,5847.075439331012,-0.368638107205721
2024-05-20,5591.060256828557,5350.157921859274,5836.596542435303,-0.4080538779453802
2024-05-21,5553.956445244386,5315.520275099359,5788.482158543914,-0.6636274674173825
2024-05-22,5544.479038524011,5299.743892398782,5787.254152142556,-0.1706424386617167
2024-05-23,5556.285606708514,5314.154210489581,5799.30672775846,0.2129427869141276
2024-05-24,5503.946959745407,5260.283181317952,5747.180178074922,-0.9419718615600758
2024-05-25,5480.684408883671,5260.8494875691695,5730.473538495228,-0.4226521627456403
2024-05-26,5457.066212368374,5245.320570409494,5706.2475159619535,-0.4309351670936157
2024-05-27,5435.021626629593,5189.980992010759,5664.481692494503,-0.4039640510283271
2024-05-28,5402.2847732503715,5157.161833104611,5652.909778411411,-0.602331612055107
2024-05-29,5400.489029992326,5166.177376236611,5643.74065650855,-0.033240440543547134
2024-05-30,5422.94394824962,5180.0306158372905,5662.746745947691,0.41579416479855524
2024-05-31,5383.667241851501,5153.854906180654,5623.829287652461,-0.7242690828622056
2024-06-01,5375.599817426994,5149.640828877493,5619.5134698601105,-0.14984998258792404
2024-06-02,5366.341623478081,5123.3717678109715,5601.483417284273,-0.17222624941126696
2024-06-03,5359.747800170976,5120.249577361346,5588.2842581803,-0.1228737149020942
2024-06-04,5343.02335197082,5110.581000232602,5585.967919456272,-0.31203796939144324
2024-06-05,5357.299973999409,5112.146954364383,5600.437590707763,0.26720119093852635
2024-06-06,5395.35176550542,5151.271240687061,5627.48994068612,0.7102792767007093
2024-06-07,5370.7781914898105,5147.846310264083,5605.86941713201,-0.45545823671253594
2024-06-08,5376.059082420569,5156.50642057614,5617.04637139782,0.09832636430837649
2024-06-09,5380.872650957321,5143.908823306325,5624.5984367127185,0.08953712120634005
2024-06-10,5386.339429585932,5136.848659275982,5630.201258615574,0.10159650642611595
2024-06-11,5379.458372390933,5158.080649085804,5625.124374449433,-0.12775015917494414
2024-06-12,5401.159853088324,5165.684930286875,5633.92025584982,0.40341386056206296
2024-06-13,5444.163734991391,5202.557049622433,5681.690243051886,0.7961971701037074
2024-06-14,5422.205079159416,5189.5392324234845,5656.333120109111,-0.40334304589040304
2024-06-15,5427.735670559115,5198.925935084043,5659.973932933416,0.10199893436262375
2024-06-16,5430.6493026468215,5182.096902731461,5665.031671429191,0.05368043443070292
2024-06-17,5432.309319839906,5195.6389918552595,5679.882536161551,0.03056756385051429
2024-06-18,5420.038715551718,5183.526835596011,5647.068966642652,-0.225881914407422
2024-06-19,5435.0703835164295,5204.379383627246,5685.466241225986,0.27733506628986326
2024-06-20,5470.533170106949,5235.623104356233,5708.315560782695,0.6524807240412489
2024-06-21,5440.707137669192,5208.97284938283,5676.822689064131,-0.545212532495698
2024-06-22,5438.359973038411,5204.936358487333,5676.1296973477665,-0.043140800844254645
2024-06-23,5433.869764190862,5201.169533138922,5661.836457799258,-0.0825654952928856
2024-06-24,5429.028508873801,5192.900093121904,5676.101752151308,-0.08909406237457285
2024-06-25,5411.580916527013,5164.055918478667,5630.304424705429,-0.3213759573792996
2024-06-26,5423.069110695941,5191.578608523143,5659.035849542099,0.21228905833863276
2024-06-27,5456.94642501171,5222.736441633389,5698.6939731071425,0.6246889653121368
2024-06-28,5427.864556604922,5192.536596558208,5658.33319420925,-0.5329330021180412
2024-06-29,5428.6496846477285,5165.94854669345,5663.923993731959,0.014464768503685832
2024-06-30,5429.8299360664905,5174.585397833043,5678.593642772501,0.02174116009179272
2024-07-01,5433.224217960132,5206.188196890926,5676.736716179557,0.06251175328890746
2024-07-02,5426.540981789256,5185.73249994651,5656.030930752489,-0.12300681699797256
2024-07-03,5451.130222375718,5210.183038497708,5686.69061573052,0.4531291787711611
2024-07-04,5500.239096425157,5270.172459356558,5727.018483410823,0.9008934302808802
2024-07-05,5488.34587490768,5253.442862606785,5724.364985360616,-0.2162309912164928
2024-07-06,5507.791123827692,5270.9937934175405,5747.498085623354,0.35430071943742814
2024-07-07,5528.7252063450815,5276.27028453465,5767.773578556239,0.3800812711800994
2024-07-08,5552.497370464371,5313.993301188341,5767.941431570559,0.429975504877822
2024-07-09,5566.328579339244,5324.99505660328,5789.40259018057,0.24909888203543673
2024-07-10,5610.983696416629,5380.7201107614355,5842.46236281257,0.8022364551588446
2024-07-11,5679.180248614759,5441.463109458432,5917.494265677953,1.2154116976259122
2024-07-12,5684.978630723463,5442.346535995008,5919.763136505408,0.10209892721961822
2024-07-13,5720.075663780896,5494.123486123931,5950.678511945902,0.6173643796611339
2024-07-14,5754.1771276952395,5509.852013270521,5984.347308767581,0.596171552944158
2024-07-15,5788.189638299653,5556.562152107133,6034.966335373626,0.5910925202616601
2024-07-16,5808.967554657371,5560.648204048123,6031.206160575939,0.35897089860763565
2024-07-17,5856.902842709857,5611.3908752964035,6101.969465280536,0.8251946254038689
2024-07-18,5924.482030368073,5689.736258673797,6169.308527303046,1.1538382908695688
2024-07-19,5925.72540592292,5662.5868280999475,6165.300562927431,0.02098707614393014
2024-07-20,5952.133592785383,5718.239052273783,6204.619209655738,0.44565323320699957
2024-07-21,5973.473906507728,5720.060931160269,6190.874683292638,0.358532169845982
2024-07-22,5990.762277530368,5759.236420332493,6234.125357803391,0.28941904314347955
2024-07-23,5991.070302184773,5770.267018762814,6244.379917227076,0.005141660445451279
2024-07-24,6015.0180374372285,5775.373166071485,6253.54796546368,0.3997238230324607
2024-07-25,6055.463988746523,5794.656336004373,6300.709783758873,0.672416126727482
2024-07-26,6026.978133347993,5794.476866129949,6275.250992156941,-0.47041573447497154
2024-07-27,6021.426738684375,5786.180965951333,6254.241288622361,-0.09210908917857141
2024-07-28,6009.1585573669945,5776.521097822831,6226.662419222439,-0.20374210049860508
2024-07-29,5991.7639619019155,5751.3497605172515,6228.050256389346,-0.2894680727596022
2024-07-30,5956.930789580072,5706.397403905774,6179.803940670549,-0.5813508766921882
2024-07-31,5945.830496557105,5719.428500144131,6182.677078245452,-0.18634248768483186
2024-08-01,5951.933614145473,5722.483220018014,6200.62167356109,0.10264533427082334
2024-08-02,5890.511231844078,5657.0880548908235,6129.878533783192,-1.0319735783916983
2024-08-03,5853.855010030484,5621.09422744347,6089.5907391578385,-0.6222927072175088
2024-08-04,5812.862537129938,5594.783231852497,6047.207104531942,-0.7002645748879321
2024-08-05,5769.575367068966,5534.501990170954,6006.294824643124,-0.7446790593184094
2024-08-06,5712.087644056874,5467.32926884997,5940.81884343939,-0.9963943506174799
2024-08-07,5681.831762158295,5447.883331516879,5925.474208457242,-0.5296816817938477
2024-08-08,5672.527411161489,5426.755765249525,5918.169044512449,-0.16375618614359322
2024-08-09,5599.721369817474,5371.11606003844,5841.688555402357,-1.2834850511389218
2024-08-10,5555.65401001432,5315.034117212392,5814.922937220339,-0.786956294659169
2024-08-11,5511.256239256377,5257.5951400348795,5750.546000775081,-0.7991457113404543
2024-08-12,5468.479643187003,5228.304132734294,5705.945212788746,-0.7761677957319191
2024-08-13,5415.271508909712,5162.150421028054,5646.699073547814,-0.9729968427985458
2024-08-14,5392.773656048726,5139.429410917083,5621.899068094486,-0.4154519828594161
2024-08-15,5394.418420878739,5167.3681529984115,5627.550188311503,0.030499422651808494
2024-08-16,5335.519440877244,5105.167913050898,5570.593759187492,-1.0918504165996934
2024-08-17,5309.228425432804,5080.267746623131,5541.273049592392,-0.49275456187105604
2024-08-18,5284.6443511960415,5056.665466711097,5514.231931058439,-0.4630441990214118
2024-08-19,5263.270369268765,5040.163953404417,5490.348844480043,-0.40445450075442535
2024-08-20,5232.600691564426,4974.483184770402,5473.389655572119,-0.5827114237454634
2024-08-21,5233.309510718673,4995.756475459161,5474.345254293979,0.013546211454462664
2024-08-22,5258.405658194983,5016.79704827248,5499.505598825516,0.4795464022318674
2024-08-23,5222.753780312666,4991.968783669527,5474.796418199809,-0.6779978609439241
2024-08-24,5217.700237270861,4985.3958473510465,5420.592418334679,-0.09676012414857604
2024-08-25,5213.426827785309,4969.541692071179,5440.715078816546,-0.08190216553696228
2024-08-26,5211.125191296122,4975.145743924861,5450.246706768681,-0.044148245774178196
2024-08-27,5198.020988057651,4967.285474432932,5436.310420438427,-0.25146590721630835
2024-08-28,5214.6003951413295,4990.676844613881,5452.356585995807,0.31895613968795367
2024-08-29,5253.715712928114,4995.598861771849,5491.37893217429,0.7501115104280975
2024-08-30,5230.09148704333,5006.41731222312,5478.095816222101,-0.44966700095040446
2024-08-31,5235.077985397666,4985.897739003243,5470.0800713163935,0.09534246899294274
2024-09-01,5238.851682916017,5002.18146496664,5482.132703514174,0.07208483863805348
2024-09-02,5242.662613073637,5007.084883865362,5471.485166007567,0.07274361612579217
2024-09-03,5233.830607643807,5011.192453026097,5472.165581084025,-0.1684641198883563
2024-09-04,5252.999620664236,5022.299135002376,5494.7066620925825,0.3662520715216555
2024-09-05,5293.185402756888,5055.195039406112,5536.906398744164,0.7650063772052906
2024-09-06,5269.25879070649,5049.999680704656,5488.834640198718,-0.45202671415847107
2024-09-07,5272.820283489473,5033.285882827751,5512.56493950467,0.06759001454368363
2024-09-08,5274.242261305438,5025.335082603061,5509.468121820205,0.02696806906956617
2024-09-09,5274.985821172623,5047.459118719191,5505.644776375622,0.014097946782620774
2024-09-10,5262.567229778672,5028.271826514259,5499.131598997522,-0.23542416633813845
2024-09-11,5279.643654369291,5023.94262047955,5514.0073042788445,0.3244884833772721
2024-09-12,5317.617320180284,5086.450089021411,5544.347269791138,0.719246757867209
2024-09-13,5291.3955645989345,5073.494568901441,5536.231717425975,-0.49311099318558593
2024-09-14,5292.802601745912,5057.391813380175,5529.932769729417,0.026591040677281796
2024-09-15,5292.261599107197,5063.410020669681,5532.998270408862,-0.010221477720273597
2024-09-16,5291.292585943422,5062.296671010869,5526.919010306316,-0.018310001227805905
2024-09-17,5277.401617114289,5046.633635444508,5524.337119649179,-0.26252505608996834
2024-09-18,5291.558089948765,5061.816250939203,5526.971345450952,0.268247024986068
2024-09-19,5326.917597818074,5097.265843580926,5582.789124324665,0.6682248832621474
2024-09-20,5298.087400931482,5066.517955553246,5546.037935358469,-0.5412172491348621
2024-09-21,5297.084220320539,5063.083411461044,5517.733678703768,-0.018934769002987295
2024-09-22,5294.157454411269,5044.440603599728,5522.215328211103,-0.05525239523364034
2024-09-23,5290.733934700774,5052.623621509816,5521.8943799281005,-0.06466599718606414
2024-09-24,5274.182176359641,5021.605881310412,5514.929295591121,-0.31284427728587305
2024-09-25,5285.49035070758,5046.112202125669,5518.178686942891,0.21440621445776298
2024-09-26,5317.70200272547,5076.81891506803,5570.007432423839,0.6094354521634537
2024-09-27,5285.098348840321,5029.290199548087,5522.407605116844,-0.6131154748505896
2024-09-28,5279.899578074203,5035.995186420286,5524.485721487928,-0.09836658512245577
2024-09-29,5272.228417533602,5024.690574101341,5493.40579322108,-0.14528989476348952
2024-09-30,5263.499634987896,5009.282409485507,5503.363315497423,-0.1655615397215593
2024-10-01,5241.056051321252,5008.882201549653,5487.945144773386,-0.42640040321186845
2024-10-02,5246.042742833741,5008.362081141927,5493.532378592177,0.09514669302632672
2024-10-03,5271.550254458454,5031.60085114473,5490.002539416779,0.4862238619682824
2024-10-04,5231.707601634734,4994.149956667101,5460.178616807027,-0.7558052356614331
2024-10-05,5219.120412062028,4995.148686529806,5484.661814798169,-0.24059428643857794
2024-10-06,5203.967857281004,4974.009571029168,5439.379487678313,-0.2903277484459621
2024-10-07,5187.829839588599,4950.769685397343,5408.614331218765,-0.310109864914454
2024-10-08,5158.187861592222,4928.4724528270945,5393.720464058838,-0.5713752939654371
2024-10-09,5156.488944168614,4916.0739159029745,5404.99036753781,-0.03293632316609951
2024-10-10,5175.990429537325,4931.232234559284,5420.300487674814,0.37819309960445135
2024-10-11,5130.758588452195,4895.537841856949,5400.59534752159,-0.8738779891672599
2024-10-12,5113.839482746382,4871.694806061604,5347.721829092531,-0.3297583664118031
2024-10-13,5095.48626221639,4858.684079428816,5328.277749643816,-0.3588931680768126
2024-10-14,5077.4222580458,4853.5092129353725,5312.403216588158,-0.35450991801384557
2024-10-15,5047.206220083933,4819.661426072651,5282.797268760467,-0.5951058711728408
2024-10-16,5046.486771330567,4788.849663658262,5276.417147667821,-0.014254395837909328
2024-10-17,5068.550915110649,4820.489445296779,5330.188908243999,0.4372179058395709
2024-10-18,5027.231594590822,4812.120837864882,5275.224015845028,-0.815209735718414
2024-10-19,5015.815756850437,4777.6270794401435,5256.877695808782,-0.2270800046822674
2024-10-20,5004.407494082216,4771.14593959448,5256.7835302433905,-0.22744580983941054
2024-10-21,4994.633353547712,4766.90838098599,5234.429056922499,-0.1953106445880204
2024-10-22,4973.878889062301,4740.294255776465,5211.071069816012,-0.41553529591255023
2024-10-23,4983.741021026887,4740.451550697457,5215.64184139596,0.19827849017943766
2024-10-24,5017.287809731518,4780.370511760211,5258.450097236626,0.6731246379595879
2024-10-25,4987.882487131263,4755.467091969567,5243.483532118273,-0.5860800439476677
2024-10-26,4988.83596520094,4747.6440626256635,5226.598414752221,0.019115888799259295
2024-10-27,4989.9125598585615,4760.8158494258405,5242.582994584183,0.0215800772992214
2024-10-28,4992.483539222737,4769.521629625358,5243.572772914666,0.051523535399344844
2024-10-29,4983.64010363365,4734.826124248362,5222.950101987798,-0.17713499743383654
2024-10-30,5004.847694745406,4790.478627292745,5248.3847141642145,0.42554419401781285
2024-10-31,5048.919876772816,4797.086859057718,5306.711614809183,0.8805898743668106
2024-11-01,5028.759252558219,4787.8088397092515,5269.8697067554185,-0.39930568728857585
2024-11-02,5037.758009530286,4807.1038811636445,5280.470742402815,0.1789458695500068
2024-11-03,5045.441663005687,4794.149079391965,5284.568788970725,0.15252128944791554
2024-11-04,5053.069466293894,4827.742359480156,5285.129400525815,0.15118207280317986
2024-11-05,5047.6200635143305,4822.617824487381,5263.250293881033,-0.10784341707378298
2024-11-06,5070.642740356856,4825.618313201627,5305.896614331389,0.456109543761829
2024-11-07,5114.939569233226,4883.912993806726,5363.158618914306,0.8735939632231515
2024-11-08,5093.218802806574,4846.911596400583,5346.191916116129,-0.4246534320230255
2024-11-09,5099.228797903304,4880.943003148051,5355.67940506079,0.11799993931969066
2024-11-10,5102.539206314879,4861.917251109727,5339.582551809954,0.06491978577105595
2024-11-11,5104.577715258117,4876.443412917778,5333.134922945231,0.03995087270891595
2024-11-12,5092.480456803898,4856.21186375953,5348.428243877479,-0.2369884274277756
2024-11-13,5108.132489700817,4877.275088886507,5342.846460819948,0.30735577739933184
2024-11-14,5144.551114459563,4903.450656413105,5378.8083091089775,0.7129538012605297
2024-11-15,5114.4441312704585,4885.927393819302,5353.08557738226,-0.5852208000127423
2024-11-16,5112.07508048677,4853.443796660084,5341.028417226298,-0.04632078722306421
2024-11-17,5107.17409197128,4880.095528838294,5349.790562414444,-0.09587082424117321
2024-11-18,5101.408918899353,4870.722110230667,5340.029623072799,-0.11288381731474617
2024-11-19,5082.0982578909125,4854.528220936678,5299.808762360426,-0.37853583814658753
2024-11-20,5091.440990980906,4861.12769878795,5330.743953771306,0.1838361364912
2024-11-21,5122.601587773362,4875.824724119938,5350.157152232391,0.6120192072863961
2024-11-22,5088.175504102803,4834.606674721817,5310.2367648461195,-0.6720429664631156
2024-11-23,5082.789304803578,4846.625185185198,5322.578469068124,-0.10585718387430276
2024-11-24,5076.1459179181475,4840.247871576952,5315.728888036606,-0.13070356623186008
2024-11-25,5069.935744417017,4834.037101582393,5317.870670023409,-0.12234032672718831
2024-11-26,5051.321036192927,4824.702055498726,5299.794695294869,-0.3671586616179279
2024-11-27,5062.656322441414,4821.4902265490155,5296.467508633601,0.2244024121070387
2024-11-28,5096.987541104411,4854.055155040919,5342.5124962451155,0.6781265896090183
2024-11-29,5066.538836756135,4836.19213802157,5297.840562513574,-0.5973862816560538
2024-11-30,5066.037695564702,4846.708722822786,5299.283932339146,-0.009891194118516466
2024-12-01,5064.920442153702,4825.629253335083,5299.263102546079,-0.02205379190086676
2024-12-02,5064.681301035689,4828.8167584380735,5308.72396937957,-0.004721517756189897
2024-12-03,5052.335363203398,4819.005215097616,5296.130850544765,-0.243765344717084
2024-12-04,5070.034678203192,4828.7516094872535,5306.873168088275,0.35031948054558004
2024-12-05,5110.592699911114,4848.483130725725,5361.905327700912,0.7999555088308741
2024-12-06,5085.794628648158,4846.934595470616,5321.121858629906,-0.4852288710737507
2024-12-07,5090.431347649608,4848.045841752172,5320.77017017017,0.09117000075722359
2024-12-08,5093.689502585034,4840.573465972346,5330.700347142379,0.06400547837521753
2024-12-09,5096.9255047802735,4858.726437689046,5338.124379644904,0.06352963198086314
2024-12-10,5087.008664516494,4846.595930953829,5324.971340445456,-0.19456514038667105
2024-12-11,5106.1259587915865,4895.748574482921,5346.194073339426,0.3758062062768186
2024-12-12,5147.030385714541,4905.8593050454365,5389.398675833486,0.8010853483260805
2024-12-13,5121.2683214068775,4886.384314107045,5350.853979251041,-0.5005228719683785
2024-12-14,5123.915829938271,4884.463859960425,5359.617602280074,0.0516963448356389
2024-12-15,5124.146256810527,4894.859150394875,5370.908408057494,0.0044970854304438035
2024-12-16,5123.421684191294,4887.525500734326,5354.852687772075,-0.014140357884406818
2024-12-17,5108.70855224856,4860.876361597297,5352.071229624777,-0.28717394057435897
2024-12-18,5122.463472658328,4884.304418022421,5353.191232753411,0.2692445706990565
2024-12-19,5157.598146217309,4931.845357493733,5402.420854219211,0.6858940770688715
2024-12-20,5125.616900384591,4893.841809942093,5363.774441425835,-0.6200802180792886
2024-12-21,5121.720995269141,4897.221169249671,5358.103285612342,-0.07600851158340305
2024-12-22,5115.534323238502,4878.292558922822,5360.933930711532,-0.12079283577440814
2024-12-23,5108.721510230899,4871.412910954604,5334.096451928045,-0.13317891303463725
2024-12-24,5088.405531949795,4855.073731134327,5316.653866126713,-0.39767245563139264
2024-12-25,5097.3151208549525,4842.625492626532,5333.065839377084,0.17509588906023943
2024-12-26,5128.4885926266725,4890.154576869592,5348.723864338146,0.6115665018271654
2024-12-27,5093.35276950048,4850.8835163660615,5341.277833141052,-0.6851106810826901
2024-12-28,5087.74408719871,4828.460342814693,5345.733274514497,-0.11011768780978537
2024-12-29,5080.9444769318725,4834.179207409093,5311.293485561457,-0.1336468609721586
2024-12-30,5074.642929318125,4833.730933182246,5319.97766627546,-0.1240231544028303
2024-12-31,5055.91860640202,4820.900434424863,5307.463407263789,-0.36897813652914113
2025-01-01,5067.5426859349645,4829.730584945942,5309.654744805374,0.22991033752453038
2025-01-02,5102.452720463282,4870.792652979892,5335.032769214584,0.6888947304817261
2025-01-03,5071.764479808439,4829.0637629975445,5312.07591383185,-0.6014409605750615
2025-01-04,5071.3801007801985,4848.827229600248,5303.589723157949,-0.007578802796759376
2025-01-05,5070.346638060899,4840.35672584901,5310.609213702501,-0.020378332894843698
2025-01-06,5070.171593402321,4829.575257843108,5313.790490677095,-0.0034523213317094736
2025-01-07,5057.708897449249,4828.540202743182,5295.533992478082,-0.24580422424538284
2025-01-08,5075.621003566027,4839.031713062585,5301.7912651560655,0.354154548629948
2025-01-09,5116.628639770245,4881.900717658768,5350.565187710264,0.8079333775198538
2025-01-10,5091.459324207069,4846.741889586919,5323.283489522408,-0.49191210336317903
2025-01-11,5096.045085078256,4844.562290287393,5331.32559179135,0.09006771102706423
2025-01-12,5099.204899476852,4864.526041369495,5320.695996118413,0.06200522848291978
2025-01-13,5102.314057347676,4845.694070400422,5337.63972697279,0.06097338569670541
2025-01-14,5092.091533929855,4837.011603154497,5329.158359246848,-0.2003507291578721
2025-01-15,5111.219548387452,4868.02400769683,5345.186736429834,0.37564160679637304
2025-01-16,5150.761233264401,4914.883512528834,5402.175680982553,0.7736252474113359
2025-01-17,5122.868491822877,4873.152285570031,5342.511466410801,-0.5415265856508422
2025-01-18,5123.691283206142,4904.475627798715,5381.845211383704,0.016061145910306607
2025-01-19,5122.063611256348,4881.173953323834,5347.668215832355,-0.03176756482438092
2025-01-20,5119.468561025496,4894.623453620036,5365.2047979742265,-0.05066415468073515
2025-01-21,5102.756901141715,4851.24313238027,5340.457145284197,-0.3264334898158361
2025-01-22,5114.785223939644,4873.611875959885,5342.124516938854,0.23572204263224705
2025-01-23,5148.377822223432,4913.595177585376,5385.20973738612,0.6567743671143544
2025-01-24,5114.298805814892,4865.957996076151,5347.33589560434,-0.661936974816324
2025-01-25,5108.904867819323,4850.596836537698,5358.55792037214,-0.10546779138982387
2025-01-26,5101.238864902832,4859.321331305836,5340.874136303583,-0.1500517843810112
2025-01-27,5092.988147415512,4860.529094203411,5346.593678262576,-0.16173948536474247
2025-01-28,5071.196513361158,4841.8422206356545,5300.474661733254,-0.42787521634841674
2025-01-29,5078.896045668073,4838.798542616402,5308.863460136074,0.1518287111656802
2025-01-30,5109.06316536615,4849.710153512135,5328.494727984919,0.5939700168466233
2025-01-31,5072.585650022916,4826.043684898393,5299.132524094732,-0.7139765973243839
2025-02-01,5065.9112466136485,4841.521693755612,5290.106502953033,-0.13157793420870423
2025-02-02,5058.137977100812,4824.629318784012,5283.082764733132,-0.1534426707146208
2025-02-03,5050.970428098036,4815.289961855616,5292.41476945295,-0.14170331128223745
2025-02-04,5031.430813866447,4804.193294727814,5271.010991290427,-0.3868487157020706
2025-02-05,5042.491185459745,4800.788331527991,5249.5268128502485,0.21982557253525936
2025-02-06,5077.031048370602,4852.055672836335,5326.52952012916,0.684976168336271
2025-02-07,5045.807156582094,4821.442552301858,5303.2191791268415,-0.6150029710479843
2025-02-08,5045.1060870570545,4791.361211903235,5304.441080404831,-0.01389410065195662
2025-02-09,5043.839373281856,4798.121416272937,5273.074353228421,-0.0251077728265936
2025-02-10,5040.154206842044,4802.020438760752,5278.570470527819,-0.07306272399023594
2025-02-11,5024.221819659604,4803.453761346962,5271.111106667174,-0.31610912143941183
2025-02-12,5038.72823311765,4798.456314978348,5275.5911109982635,0.28872955810357315
2025-02-13,5076.287460119289,4841.871079730916,5315.448960800167,0.7454108509916457
2025-02-14,5047.6913556054105,4802.690834754793,5278.155293462276,-0.5633271310684695
2025-02-15,5048.774984932051,4807.549104242669,5285.083059023652,0.02146782063916497
2025-02-16,5048.357301779945,4802.363172778244,5290.227614331188,-0.008272960338928659
2025-02-17,5047.782044352522,4805.242222936436,5288.400059061766,-0.011394942810827313
2025-02-18,5033.8148056036935,4802.963965459627,5273.111621630555,-0.27670051175158195
2025-02-19,5048.865714889904,4806.4558055975685,5270.693390057251,0.2989960868138297
2025-02-20,5085.546327090025,4842.424590960566,5333.924878970212,0.7265119389478825
2025-02-21,5055.070110790778,4812.581784069772,5292.554064441234,-0.5992712353617646
2025-02-22,5052.873247521447,4808.197463385548,5288.187595505834,-0.04345861127902362
2025-02-23,5048.0097081815775,4807.563173509769,5273.8335024582475,-0.09625294563356812
2025-02-24,5041.945813227566,4803.875846574509,5290.503821739589,-0.1201244709213567
2025-02-25,5021.67364519482,4774.495020207819,5251.768745732622,-0.4020703272843984
2025-02-26,5029.600425879649,4798.7218933316935,5280.655055691604,0.1578513707758411
2025-02-27,5058.592822821757,4820.3973657969345,5292.796750942277,0.5764353922217857
2025-02-28,5020.5197443687875,4781.7342982259515,5259.628800348087,-0.7526416888349541
2025-03-01,5010.620887851862,4764.337784192338,5244.607136452394,-0.19716796309841023
2025-03-02,4998.349427394257,4746.147118245236,5227.380677148899,-0.24490897899214215
2025-03-03,4985.414566482293,4738.718655554252,5209.103111672438,-0.25878264614860313
2025-03-04,4959.106925315047,4712.837464318371,5192.570470794159,-0.5276921470907525
2025-03-05,4961.851700592952,4713.632238995086,5182.486315105811,0.05534817698511496
2025-03-06,4986.739038216977,4758.4329106598925,5242.493129862787,0.5015735883652228
2025-03-07,4946.209406249132,4714.727132503919,5177.866553756123,-0.8127482039312017
2025-03-08,4935.171796452643,4707.8874530713265,5173.170575119372,-0.22315290134186094
2025-03-09,4923.297522577563,4665.121239827731,5156.577642352485,-0.24060507647607476
2025-03-10,4912.3157710681035,4683.0439917252015,5153.81403426682,-0.2230568325212623
2025-03-11,4889.557340522612,4660.393550985923,5128.838312935731,-0.4632933143168594
2025-03-12,4897.179154285637,4658.825368636606,5136.606074741833,0.15587942286428014
2025-03-13,4928.18924534853,4690.29141155402,5180.500155672845,0.633223537181693
2025-03-14,4895.283979511128,4666.2948331737,5133.111614785361,-0.6676948509730996
2025-03-15,4892.72563431423,4649.151989982946,5142.741819888584,-0.05226142564160874
2025-03-16,4890.097191860846,4665.290776157565,5141.221666460586,-0.05372143565439691
2025-03-17,4888.860631582209,4652.484523911818,5133.460818461855,-0.025287028664677802
2025-03-18,4876.128325913472,4637.035807151197,5113.688749667209,-0.2604350303317293
2025-03-19,4893.5674798117425,4672.9941593761105,5151.606598572827,0.35764345670710185
2025-03-20,4933.927300187825,4680.966181860553,5168.791684396919,0.8247525050504523
2025-03-21,4910.034394706819,4663.556984503972,5146.933569167822,-0.48425734769331763
2025-03-22,4915.434595938579,4681.507521253466,5167.527356036137,0.1099829613735892
2025-03-23,4919.611989280652,4673.18630075782,5158.548806150414,0.08498522888544802
2025-03-24,4923.811438062219,4675.531381856527,5144.741114431883,0.08536138196910681
2025-03-25,4915.037303227152,4686.173160575689,5144.688029967867,-0.17819802698456622
2025-03-26,4934.635636463141,4704.884621888921,5177.157839666988,0.3987423090994868
2025-03-27,4975.319555862942,4742.71754075799,5220.884549925703,0.8244564015867484
2025-03-28,4950.317127520891,4711.619630209744,5182.074476707652,-0.5025290950927741
2025-03-29,4952.770170236539,4718.574650949308,5193.439212474924,0.04955324381161752
2025-03-30,4952.408873422328,4727.487263443987,5181.336147072508,-0.0072948431240060785
2025-03-31,4950.628763928044,4707.310213322155,5173.752106885631,-0.0359443159840378
2025-04-01,4934.7060857149245,4682.906779723566,5153.765536082454,-0.3216294125937491
2025-04-02,4946.046510851582,4708.356672947597,5177.912995218372,0.22980953555644668
2025-04-03,4977.697236648209,4746.89122477753,5204.714900729442,0.6399196960074072
2025-04-04,4943.635950818848,4698.391007295422,5168.515377954522,-0.6842779745337868
2025-04-05,4936.915639704662,4705.119993534677,5169.9172145970315,-0.13593863263885453
2025-04-06,4927.784570333505,4689.763228503122,5159.142594786755,-0.18495494024084458
2025-04-07,4918.00853594349,4665.659318674298,5164.572997761756,-0.19838599375608945
2025-04-08,4895.295080380074,4647.683983780891,5145.925203808773,-0.46184254047981765
2025-04-09,4901.202509106626,4657.569251542625,5128.475410317922,0.12067564119329077
2025-04-10,4929.134294105753,4694.23435657872,5157.610628652453,0.5698965702239045
2025-04-11,4893.766670340163,4648.922161773927,5123.637124962145,-0.7175220161455664
2025-04-12,4887.9390594301,4666.726435808112,5120.686927579086,-0.11908232048295497
2025-04-13,4882.221136629259,4632.218271968911,5105.387957088279,-0.11698023914210598
2025-04-14,4878.484169206731,4645.407439508792,5111.942198914374,-0.07654236295219219
2025-04-15,4864.539917407748,4615.859808928047,5110.866059212537,-0.285831650064583
2025-04-16,4881.717660518216,4652.722844494864,5125.263101404602,0.3531216394996983
2025-04-17,4923.35031775178,4682.93972719994,5164.964745391338,0.852828043913223
2025-04-18,4904.351536699123,4658.35814686602,5139.658529744621,-0.38589131031675494
2025-04-19,4916.863760581835,4658.180837802537,5151.6089172619695,0.25512493933363967
2025-04-20,4931.285253998425,4700.4762553924875,5155.394491508033,0.29330675241006077
2025-04-21,4949.103904200522,4706.395336470285,5183.794689980634,0.36133886571760865
2025-04-22,4957.764297091946,4718.692290003751,5197.286037434122,0.1749891103331569
2025-04-23,4997.92600960472,4761.806161802829,5242.757875982016,0.8100770852767614
2025-04-24,5062.454077617064,4821.753337136441,5308.284464911353,1.2910969047628562
2025-04-25,5066.157227492082,4838.739414769574,5294.73936272255,0.07314930305029055
2025-04-26,5100.203921875126,4881.711108354278,5334.182944786291,0.6720418031695985
2025-04-27,5134.6180601296255,4886.828613741435,5391.998423633462,0.6747600445326185
2025-04-28,5170.382078558591,4920.4642830799285,5394.842628606634,0.6965273367979252
2025-04-29,5194.536946613115,4940.47148442402,5425.384534057928,0.4671776222243462
2025-04-30,5247.1242250267,4980.286457960119,5479.9107412728845,1.0123573853463963
2025-05-01,5320.681040612949,5085.355133415652,5567.8855585205965,1.4018500883858032
2025-05-02,5330.137251359537,5096.875957602212,5554.122941143964,0.1777255707381853
2025-05-03,5365.994927492958,5137.158788427943,5611.638191978796,0.6727345740351165
2025-05-04,5398.28595013258,5164.127584019848,5637.371846310846,0.6017713970279281
2025-05-05,5427.935563908175,5189.356093433449,5680.414796541195,0.5492412600867524
2025-05-06,5442.084598327596,5197.911049602867,5671.586977271619,0.2606706408510462
2025-05-07,5480.703022350422,5225.9953642408045,5730.125487171952,0.7096255731616763
2025-05-08,5536.575902081256,5283.726065188442,5769.879295479686,1.019447313656352
2025-05-09,5525.345077120653,5283.171723947857,5762.0005172562815,-0.20284784601943828
2025-05-10,5537.4371396879815,5303.38287932188,5770.75026903503,0.21884719232105887
2025-05-11,5543.467879334089,5321.071774645163,5788.842371194093,0.10890849853417706
2025-05-12,5544.851526341959,5298.106753745402,5785.136496681475,0.02495995355231706
2025-05-13,5529.331126990935,5284.294473775554,5776.096311774746,-0.27990649122506817
2025-05-14,5537.250596663461,5303.597388124226,5742.06821676286,0.14322654025669124
2025-05-15,5562.020091386512,5338.221813541455,5811.480392269102,0.4473247921626733
2025-05-16,5520.292373290271,5290.55224326801,5767.369841888669,-0.7502259504754694
2025-05-17,5502.631484145146,5274.331873831938,5742.432481652194,-0.31992669863967205
2025-05-18,5480.3584684792195,5226.9455591513915,5724.226879053443,-0.404770258195597
2025-05-19,5455.403133242356,5197.738130335428,5693.038303000515,-0.45535954227076125
2025-05-20,5416.041887835416,5180.087953414638,5661.881255483661,-0.7215093815357676
2025-05-21,5402.830116618919,5155.8591756790465,5656.307559469552,-0.24393775916264904
2025-05-22,5409.55125126171,5174.0435552102135,5650.979338233557,0.12440025871101046
2025-05-23,5353.534466956144,5114.767676118208,5591.718070586305,-1.035516287834426
2025-05-24,5325.072870734185,5077.577762498434,5561.61430472593,-0.5316412250193525
2025-05-25,5295.721266237886,5057.917163562406,5536.471984849734,-0.551196297380474
2025-05-26,5267.402846484852,5035.364334093945,5488.382015285597,-0.5347415078957196
2025-05-27,5228.368234233605,5004.872744203843,5472.074996222596,-0.7410599376749039
2025-05-28,5218.80285695429,4976.830427250457,5456.406498458854,-0.182951484110927
2025-05-29,5232.274953108012,4984.690068797749,5470.002969281106,0.25814533568304654
2025-05-30,5186.209969647959,4954.337539341444,5420.344340432311,-0.8804006645845242
2025-05-31,5170.0733565392575,4937.198957055251,5400.979139828472,-0.3111446162639031
2025-06-01,5155.134776648304,4930.3726906265765,5382.811870664877,-0.2889432868889319
2025-06-02,5142.843057205951,4883.190100691541,5373.776825591378,-0.2384364323127386
2025-06-03,5121.018318064999,4908.674122470444,5346.967045789778,-0.424371090040776
2025-06-04,5129.144478153781,4875.039903191644,5356.669150156556,0.15868250383161975
2025-06-05,5160.324294231535,4939.197298494801,5395.182634372698,0.6078950634078595
2025-06-06,5131.91631183881,4887.271350252038,5376.914135794852,-0.5505076962794897
2025-06-07,5132.485717917036,4888.427239721266,5378.348210930417,0.011095389005322254
2025-06-08,5133.035959755422,4898.234866489496,5378.888880377766,0.010720767063499004
2025-06-09,5134.650412068771,4891.533463790779,5376.356119048228,0.03145219176345915
2025-06-10,5124.9135930297725,4863.630563883042,5366.442748089968,-0.18962963897430907
2025-06-11,5142.882462674401,4910.309443632111,5391.347093985175,0.35061800201017235
2025-06-12,5181.539997086621,4944.483519885122,5439.176826904933,0.7516705795395096
2025-06-13,5158.584279322178,4910.194192925264,5396.823938914041,-0.44302886356855087
2025-06-14,5162.135373701057,4934.984817010761,5409.615255310422,0.06883854535657541
2025-06-15,5163.421032142833,4921.449861754419,5406.494293733855,0.024905554556475806
2025-06-16,5163.670842419264,4925.22201401834,5413.488333463968,0.004838076826896298
2025-06-17,5150.751781627355,4896.485529452315,5380.147762310795,-0.2501914081312062
2025-06-18,5163.803450550011,4913.6712338462785,5390.9521056826725,0.25339347489450326
2025-06-19,5196.1756337965,4981.464294115428,5431.427891609182,0.6269057983421256
2025-06-20,5166.355690462543,4937.936283160457,5389.9771680523945,-0.5738825135163772
2025-06-21,5162.418701187734,4897.8334025335,5399.362230015949,-0.07620437907667199
2025-06-22,5156.155955228154,4924.104490804682,5397.284868416475,-0.12131418085361556
2025-06-23,5149.212025581484,4916.573378981031,5394.689706764535,-0.1346726070150961
2025-06-24,5129.92711872348,4889.9899836218865,5370.496692213705,-0.3745215144025149
2025-06-25,5137.630921198598,4895.837426827745,5367.023032911365,0.15017372170844645
2025-06-26,5166.061181823501,4910.666489543395,5408.74705735608,0.5533729662750897
2025-06-27,5134.428874658912,4896.199161273564,5370.443105044487,-0.6123099601662796
2025-06-28,5130.613536838583,4885.937863698901,5364.284100963565,-0.0743089039398237
2025-06-29,5126.738841034836,4892.566403060744,5363.037512114114,-0.07552110046734617
2025-06-30,5124.559164086604,4881.513295067023,5360.652251791004,-0.04251585687933268
2025-07-01,5112.5173746688515,4891.777968515154,5357.4848749525445,-0.23498195712409187
2025-07-02,5129.707765025135,4901.864034188814,5356.711353013774,0.33624121145205965
2025-07-03,5169.787665651786,4929.736125388452,5417.53488243674,0.7813291217078522
2025-07-04,5152.193593141702,4903.6157524258,5388.340287904566,-0.34032485757546915
2025-07-05,5164.095825918243,4918.488650438504,5401.453551854183,0.2310129183108467
2025-07-06,5177.43555432432,4947.525244225226,5405.669170167424,0.2583168255539725
2025-07-07,5193.575479543954,4955.23432523359,5434.953323032217,0.3117358980191165
2025-07-08,5200.587220086151,4956.211354015321,5425.162613923024,0.13500796454801733
2025-07-09,5236.896764291096,4993.189382137238,5477.128492656779,0.698181621965821
2025-07-10,5295.701440390736,5058.488737998614,5532.709774771501,1.12289164263486
2025-07-11,5296.3479237962465,5041.7572665597045,5545.8048878533455,0.012207701147559646
2025-07-12,5325.055182427182,5097.9799308964875,5576.1431735335,0.5420198794334308
2025-07-13,5353.42034764626,5130.634308586511,5602.0863296048665,0.5326736390015796
2025-07-14,5382.338308147833,5139.748866684589,5605.737413459919,0.5401772815072814
2025-07-15,5399.521391775779,5172.1494834658815,5654.401081483366,0.3192494162236992
2025-07-16,5442.827621307038,5194.9891276345115,5673.753688553921,0.8020382991207331
2025-07-17,5505.1809477131055,5266.887862333022,5742.999140947512,1.145605386471793
2025-07-18,5506.1067142476595,5290.46195256539,5745.964369699307,0.016816278036024812
2025-07-19,5531.216385192358,5296.8616905495255,5759.814422764407,0.45603313280733193
2025-07-20,5552.173553706573,5328.898054423894,5794.066976954788,0.3788889650081284
2025-07-21,5569.872188164546,5317.613177386914,5798.0339142868015,0.3187694744548608
2025-07-22,5572.176773820631,5326.644536352757,5808.2144900036965,0.041375916326802376
2025-07-23,5596.920407316196,5361.842259571029,5826.015539245598,0.44405686502655417
2025-07-24,5637.314532553968,5404.07119232157,5871.759976762005,0.7217205587731756
2025-07-25,5613.627677191581,5376.585656326792,5846.415142785746,-0.4201797722231393
2025-07-26,5611.417737680916,5384.4676362951495,5837.535036480881,-0.03936740442627151
2025-07-27,5602.944233545885,5344.1449441805225,5848.019945016332,-0.15100469313005238
2025-07-28,5589.592019583765,5353.977923137059,5838.563166589051,-0.23830710079493223
2025-07-29,5559.819749862347,5320.353468945193,5810.9333152761255,-0.5326376167904212
2025-07-30,5551.81703629328,5316.888230995073,5786.043920921172,-0.14393836363607582
2025-07-31,5559.3945493821375,5304.311973414783,5799.370682167517,0.13648708232498752
2025-08-01,5503.798753499156,5265.399978753217,5755.040557667322,-1.0000332840049975
2025-08-02,5470.686513202472,5235.130215656501,5711.578923078349,-0.6016252006967426
2025-08-03,5432.9805151211485,5190.457743746642,5677.069670640911,-0.6892370453018493
2025-08-04,5392.537581360672,5145.498497459161,5622.634558252673,-0.7443968121717881
2025-08-05,5338.30680275527,5076.930799953329,5568.009442927871,-1.0056634337209158
2025-08-06,5308.649257614757,5072.073751179821,5562.342079002317,-0.5555608966724468
2025-08-07,5297.714002814317,5063.390895855381,5520.322092468475,-0.20598940087733775
2025-08-08,5227.396189384729,4996.397652089612,5469.500440328124,-1.3273236983391778
2025-08-09,5183.063006414041,4937.87445828599,5428.312161323673,-0.8480930345535098
2025-08-10,5137.862658935509,4901.91852239608,5365.494811817698,-0.8720779088079222
2025-08-11,5093.648746821412,4847.656302061491,5333.384914655514,-0.8605506812682573
2025-08-12,5039.360286323334,4806.198630378466,5278.152284570386,-1.0658069135991322
2025-08-13,5013.016625920853,4776.210782834979,5267.014715461722,-0.5227580269260956
2025-08-14,5008.592039580726,4770.037839296388,5250.311840727006,-0.08826195223946565
2025-08-15,4948.129669838438,4705.521716115975,5181.5646068358365,-1.2071729792420882
2025-08-16,4916.230665085373,4657.574980787514,5165.152241408843,-0.6446679226598695
2025-08-17,4885.8276729219715,4644.123875328145,5119.822087569793,-0.6184207828025867
