ds,yhat,yhat_lower,yhat_upper,growth_percent
2022-01-01,1897.7240814659986,1716.4169436310528,2085.5699354309804,
2022-01-02,1916.8521579248127,1740.7190507314249,2086.6721638520394,1.0079482389261596
2022-01-03,1936.0438802416859,1750.7166191179037,2115.6204824916167,1.001210356131499
2022-01-04,1931.1466603532617,1755.8840819181084,2105.214487862978,-0.25294983953632055
2022-01-05,1926.8407337127574,1749.1251109591938,2112.1811173835695,-0.22297253382695947
2022-01-06,1928.550142941042,1749.3773176446925,2102.1844311571194,0.08871564724453052
2022-01-07,1955.4511687626982,1782.822199620864,2123.9693292019033,1.3948834008864486
2022-01-08,1950.0156494542657,1767.5950618788074,2135.0815628393475,-0.27796752970680183
2022-01-09,1969.7919305252362,1793.5890867266312,2147.2870626716976,1.014160121048513
2022-01-10,1989.1801967466488,1827.3330212334579,2159.454365266843,0.9842799090075793
2022-01-11,1983.6219222794405,1804.746956507407,2167.194191104789,-0.27942538721725807
2022-01-12,1978.1772741674295,1797.4674554945034,2159.016106273705,-0.2744801340849423
2022-01-13,1978.351343138034,1802.727876435747,2154.3880358469564,0.008799462660791235
2022-01-14,2003.6271245655237,1830.7128454682536,2181.326718148773,1.2776184329016838
2022-01-15,1995.5827963965805,1834.4975006254335,2175.3568655615613,-0.4014882844375345
2022-01-16,2012.697973433809,1829.0377010412774,2187.5310060688666,0.8576530659681669
2022-01-17,2029.002394611954,1855.7822932926654,2192.2824570727785,0.8100778851746204
2022-01-18,2019.5957341759713,1846.2814952951376,2200.129791247787,-0.46361011997630985
2022-01-19,2009.9818330704547,1841.673669397575,2198.2849650316475,-0.4760309671301255
2022-01-20,2005.8086906007347,1819.415077374472,2177.819601957689,-0.20762090487878027
2022-01-21,2026.9245315813955,1859.0599594036357,2212.22457208377,1.052734544406464
2022-01-22,2014.0676384419899,1850.4958511440977,2202.0612856308653,-0.6343054681653526
2022-01-23,2026.696601321058,1850.852802820933,2205.2347370574876,0.6270376743075845
2022-01-24,2038.5111811806253,1869.0150240644468,2208.985183482606,0.5829476327076311
2022-01-25,2024.3014629043043,1852.1503695536828,2206.720648105169,-0.6970635436049588
2022-01-26,2010.0380828243349,1842.1633864610244,2193.493746719541,-0.704607507396926
2022-01-27,2001.5253593991577,1824.1109373614072,2186.6534148259857,-0.4235105542485962
2022-01-28,2018.9800520097665,1853.2630398430113,2207.625108367308,0.8720695208102924
2022-01-29,2002.2935917495163,1832.2239573343575,2177.178048909462,-0.8264796991748313
2022-01-30,2011.8864166197832,1833.3070823959654,2190.1759556276825,0.47909182298710995
2022-01-31,2021.101344122442,1852.0870268505903,2195.524970241868,0.4580242416538205
2022-02-01,2004.38263761746,1823.278872125759,2174.0217638479685,-0.8272077277867163
2022-02-02,1988.1230262981148,1804.7487287930928,2167.681756257959,-0.8112029616596739
2022-02-03,1978.2309776578163,1809.1693130211922,2165.642004821795,-0.49755716871895395
2022-02-04,1995.2333333157028,1826.2345927542774,2164.5832439504043,0.8594727233529165
2022-02-05,1978.1112778833415,1808.4148157287038,2149.8211329643623,-0.8581480244171602
2022-02-06,1988.1802200270442,1818.0733654463597,2180.9528085677484,0.5090179837848652
2022-02-07,1998.3572208289092,1828.8445649580074,2172.8725546359283,0.5118751660111887
2022-02-08,1982.6715670668184,1802.562609218217,2163.545269250546,-0.7849274193121758
2022-02-09,1967.870185196377,1800.9548550266402,2153.5977214290674,-0.746537253890156
2022-02-10,1959.9006252687993,1782.525438108354,2125.44396590983,-0.40498402727628946
2022-02-11,1979.539072468078,1806.7597278899236,2160.905549632298,1.0020123952246385
2022-02-12,1964.801444294416,1792.397858763453,2144.6482561804714,-0.7444979681703101
2022-02-13,1977.8500651144172,1804.281550351969,2167.3786214766387,0.6641190568081656
2022-02-14,1991.1362232070298,1809.3211900212389,2168.5842241079904,0.6717474861697381
2022-02-15,1978.243123485903,1785.695451334855,2148.5360645424767,-0.6475247434532871
2022-02-16,1966.250345485565,1789.0312841298294,2135.16326582333,-0.6062337767263504
2022-02-17,1961.1329504016232,1784.1676962314618,2138.833651504595,-0.26026162414624077
2022-02-18,1983.9150317687265,1811.4667470735155,2167.5124418779624,1.1616795976242988
2022-02-19,1971.655852865746,1806.7134875086672,2149.9735290431013,-0.6179286263107264
2022-02-20,1987.3829768689488,1825.870216471752,2173.8192331528408,0.7976607063724606
2022-02-21,2003.1093763953656,1831.1880805789888,2174.6353984060265,0.7913119770802002
2022-02-22,1992.0079642764842,1818.2856807703122,2164.7222266441695,-0.5542089837779374
2022-02-23,1981.5340911618127,1810.040662622918,2149.6958813098686,-0.5257947409098684
2022-02-24,1977.7395943233298,1798.0760409962234,2153.468264646206,-0.19149288702159373
2022-02-25,2001.950559818022,1832.891477853423,2165.9024568973728,1.2241735749329408
2022-02-26,1990.327060488576,1805.150440908157,2168.193025968915,-0.5806087104619828
2022-02-27,2006.8212278054355,1839.9398944705679,2193.7491703015316,0.8287164277819947
2022-02-28,2023.0673637192467,1853.963596472445,2201.0499762427635,0.809545747708551
2022-03-01,2011.8865038235147,1845.6138781034383,2191.9795930642904,-0.5526686899430255
2022-03-02,2001.1654525300016,1825.846713994528,2168.4991685420982,-0.532885491956836
2022-03-03,1997.0843536203643,1808.3643612852795,2166.136694079309,-0.20393610655620176
2022-03-04,2021.3173619816093,1840.357830148059,2211.1832810560613,1.2134193689572914
2022-03-05,2009.1648312799311,1841.5772039871024,2181.634301956814,-0.6012183405857852
2022-03-06,2025.5353564196107,1843.5475324870147,2210.8874712052216,0.8147925389103472
2022-03-07,2041.7081205686688,1871.8338291151385,2214.902151902983,0.7984439322572756
2022-03-08,2030.1669462254695,1845.7717333340897,2200.519312804384,-0.5652705314207584
2022-03-09,2019.2355589836914,1840.070550834532,2183.278641545591,-0.5384477006731836
2022-03-10,2015.218613053672,1846.6375242429626,2183.452698370721,-0.19893399322074012
2022-03-11,2040.1254483734986,1861.6478070008468,2223.3846694307254,1.2359371414342624
2022-03-12,2028.3751404173886,1838.9705786598972,2198.3976139157476,-0.575960069782866
2022-03-13,2045.8031503481548,1871.655414683517,2215.8691030010177,0.8592103888228397
2022-03-14,2063.29675108483,1896.4088765981548,2232.882247902795,0.8550969693099653
2022-03-15,2052.959593820729,1879.2758596198105,2243.493792205518,-0.5010019648732489
2022-03-16,2043.5043838279141,1876.6581040323292,2229.0656133624384,-0.4605648363111725
2022-03-17,2041.308668614661,1869.1768526795743,2210.1151392257198,-0.1074485198382602
2022-03-18,2068.6630775388358,1898.1266833327022,2243.7335375277216,1.3400427551576
2022-03-19,2059.0506834460193,1864.557824355183,2229.210400776645,-0.46466697246091426
2022-03-20,2079.1797247194986,1913.6524261396735,2250.561717888176,0.977588431178944
2022-03-21,2099.493550882507,1923.8713785071398,2273.353544778833,0.9770115551578362
2022-03-22,2091.667083969414,1919.1817740111178,2270.1826857482315,-0.37277880228797633
2022-03-23,2084.758189115121,1910.6461569057353,2260.0899465714497,-0.33030566418733587
2022-03-24,2085.1793786049616,1912.118544837388,2268.5231828469514,0.020203277868868774
2022-03-25,2115.4715285088373,1932.2118513109106,2279.9452392548487,1.4527359235703807
2022-03-26,2107.534526204905,1925.4113507721536,2268.4898395889127,-0.37518833021246145
2022-03-27,2129.547190878184,1956.1686224558287,2300.733982040077,1.0444746882945832
2022-03-28,2151.5027032248036,1964.973773968514,2316.5825337126957,1.030994402972829
2022-03-29,2144.683702107037,1973.442175159718,2316.531877542855,-0.3169413223393036
2022-03-30,2138.4865547100167,1963.4875559206516,2318.1796582900306,-0.28895390919098096
2022-03-31,2139.366579231863,1969.939523895884,2323.0775000390418,0.041151744438505666
2022-04-01,2170.089757910055,2003.0644699522404,2341.3264444463202,1.436087624086535
2022-04-02,2162.3894282179267,1996.890469008747,2324.868694361501,-0.35483922561545533
2022-04-03,2184.584358674314,2009.4671889735257,2369.3766837538965,1.0264076473347705
2022-04-04,2206.3267926167805,2024.639882252901,2378.89985014358,0.9952663927183192
2022-04-05,2198.5835204669947,2025.6001651995252,2373.286548986633,-0.35095762675310116
2022-04-06,2191.1005242498686,2018.0286030556094,2367.09519093792,-0.34035533094219916
2022-04-07,2190.4300256401584,2000.2070911749197,2377.168646824992,-0.030600997183360956
2022-04-08,2219.6248498648333,2043.6334181756474,2386.2483671527243,1.3328352827040257
2022-04-09,2209.6883369562806,2045.574009229787,2388.802882835082,-0.4476663211424148
2022-04-10,2229.749779575155,2057.935667153758,2403.725856629584,0.9078856182274109
2022-04-11,2249.1677396521422,2062.762765324226,2419.3714962929716,0.8708582574985968
2022-04-12,2238.6353722977133,2067.837465039028,2421.9987494887205,-0.4682784288937869
2022-04-13,2228.284446492648,2063.1500294759976,2412.606049695759,-0.46237658589488584
2022-04-14,2224.7933816114005,2051.559974272746,2393.659861339926,-0.15667052232682943
2022-04-15,2251.5236063487546,2079.920672134511,2422.8620073963084,1.2014699863046818
2022-04-16,2238.7622299979735,2059.222068853862,2415.9183284953515,-0.5667884766918374
2022-04-17,2256.4545876318275,2085.9561026969986,2430.442135384548,0.7902740807749886
2022-04-18,2273.6627844508853,2097.4079875334633,2440.406412535822,0.7626210123341304
2022-04-19,2260.7954343120655,2076.0979859672684,2428.8128583144758,-0.5659304548949362
2022-04-20,2248.351420965645,2077.526100973852,2408.368335957053,-0.5504263303772516
2022-04-21,2243.1094769694823,2077.7835714344637,2428.7837712130063,-0.23314611529505758
2022-04-22,2268.707264474007,2088.469876209818,2436.2850403575403,1.1411742390348367
2022-04-23,2254.677685406942,2078.009673928697,2424.1530444934974,-0.6183952988010333
2022-04-24,2271.739540418384,2092.5897436187065,2449.7068087340763,0.7567314442268991
2022-04-25,2288.6124073860497,2119.4829439941386,2450.6259158502594,0.7427289382196722
2022-04-26,2275.371971384605,2098.7676663106295,2444.652660594706,-0.5785355335273801
2022-04-27,2262.834742610031,2080.2461468598835,2440.284517167907,-0.5509968889589878
2022-04-28,2257.8304015454096,2076.665924057522,2420.190395221753,-0.22115362515819914
2022-04-29,2284.2248018793207,2115.9867506976266,2456.333336657077,1.169016074716911
2022-04-30,2270.7510660999724,2101.111534569207,2468.1984301616685,-0.5898603223405519
2022-05-01,2288.859422635288,2100.5873788920517,2458.643693609309,0.797461104638697
2022-05-02,2306.8893751862875,2126.4358082458693,2478.4940903407623,0.7877265144681012
2022-05-03,2294.5514506033846,2115.575541783858,2470.3525129453615,-0.5348294857834945
2022-05-04,2282.953551093658,2111.5243349326124,2448.581835715735,-0.5054538875856052
2022-05-05,2278.956579912181,2107.830097674518,2460.9342154137034,-0.17507895329549328
2022-05-06,2304.8248514396873,2129.593116028124,2471.6085962856882,1.1350927769103514
2022-05-07,2290.3282028779045,2122.1605129297045,2472.7881218865055,-0.6289696396117761
2022-05-08,2307.574411625111,2121.859042102893,2491.3413494552537,0.7530016320602462
2022-05-09,2324.556753231783,2149.2923574341376,2488.008374678341,0.735939067495206
2022-05-10,2310.755597043828,2135.6330843232618,2499.5792858647865,-0.5937113029728214
2022-05-11,2297.5151753920713,2123.4100493995943,2457.0394209167357,-0.5729910021075035
2022-05-12,2291.7140735415196,2113.746559525777,2460.589168873731,-0.252494604287512
2022-05-13,2317.5098912083968,2138.209955703647,2505.124031665201,1.1256123948749641
2022-05-14,2302.495106876481,2122.5706192677258,2474.8642879361405,-0.6478843688596747
2022-05-15,2319.1493602966234,2147.022263831889,2504.957114960092,0.7233133034856065
2022-05-16,2335.309212897725,2158.6755014211717,2515.776405304071,0.6968008562861394
2022-05-17,2320.3116926813955,2140.419529498053,2489.3061666899634,-0.6422070419411452
2022-05-18,2305.679281380071,2136.2187353171153,2479.893797901311,-0.6306226593382758
2022-05-19,2298.3476008563407,2129.4493394864357,2480.2800213255077,-0.3179835366930117
2022-05-20,2322.623014025453,2152.105338872272,2504.752792710632,1.0562115652161363
2022-05-21,2305.7566377159815,2128.3652073629705,2473.350551522643,-0.7261779551662739
2022-05-22,2320.6286195174844,2132.9301602679225,2487.5503937934536,0.6449935590876033
2022-05-23,2334.943210434808,2150.449556099023,2521.0334973972344,0.6168410919753287
2022-05-24,2317.913816006185,2158.035241712067,2495.8606849192242,-0.72932799189801
2022-05-25,2301.255894916464,2133.873393576952,2491.679968557848,-0.7186600715993308
2022-05-26,2291.9716756735884,2106.0181572572474,2474.903869272479,-0.4034414105525963
2022-05-27,2314.5206710179773,2139.6444856465637,2493.5824793149786,0.9838252184229956
2022-05-28,2295.8119497858083,2120.803671618833,2475.1886881460737,-0.8083194704819996
2022-05-29,2309.120647453631,2145.2985052295753,2486.105231094382,0.5796945899277262
2022-05-30,2322.0087084914353,2135.5647923264073,2489.4154568455683,0.558137187505392
2022-05-31,2303.5519055526042,2123.035132844811,2484.139585373509,-0.7948636398879882
2022-06-01,2285.641199613627,2104.0180046349324,2478.839596908277,-0.7775256071202108
2022-06-02,2275.3251070762335,2098.8823800394957,2467.4591007931313,-0.4513434802950522
2022-06-03,2297.193798353562,2131.027410741366,2478.7022064318035,0.9611238064097805
2022-06-04,2277.7903295966553,2098.896825365563,2458.8197644092525,-0.8446596351954994
2022-06-05,2290.760097359131,2129.111629526175,2472.8291129501167,0.5694013006356302
2022-06-06,2303.497950369972,2126.1477246701775,2472.288129131714,0.556053557311631
2022-06-07,2284.917846452469,2108.2723561130865,2477.5602505248385,-0.8066038832167721
2022-06-08,2267.0632958317356,2095.2132958238312,2431.0873917747945,-0.7814088654633289
2022-06-09,2257.007936233449,2087.803095736421,2426.3882152670994,-0.44354119343621434
2022-06-10,2279.45369537232,2109.987958795147,2450.3673628777956,0.99449181274609
2022-06-11,2260.5613732665524,2092.539807044004,2438.204389606028,-0.8288092074044795
2022-06-12,2274.333334458506,2088.290719396308,2458.177996410783,0.609227484589514
2022-06-13,2287.9871800893493,2120.0737578319163,2459.0855486621936,0.6003449636855507
2022-06-14,2270.268128710649,2098.542935468647,2433.946881593519,-0.7744384030162532
2022-06-15,2253.36852511824,2081.809483373409,2413.320777531645,-0.7443880032798833
2022-06-16,2244.386505899579,2064.885916462077,2424.724866898218,-0.39860409509313577
2022-06-17,2268.031091101864,2096.120660878454,2451.78535489684,1.0534988131559953
2022-06-18,2250.194416801108,2080.9245156631446,2416.4789216938325,-0.7864387031877307
2022-06-19,2265.238232708986,2087.932327100587,2430.6374712405454,0.6685562720959881
2022-06-20,2280.2133156493055,2091.651139299035,2460.3287810334596,0.66108203208326
2022-06-21,2263.71371959998,2091.0657294648727,2438.6968465641626,-0.7235987938535193
2022-06-22,2248.086929166848,2080.6642976494672,2416.3990630839653,-0.6903165492098129
2022-06-23,2240.464418206182,2067.064324037829,2429.623487710146,-0.33906655751479997
2022-06-24,2265.77676962285,2076.096461633787,2441.622768349693,1.129781451157097
2022-06-25,2249.4672326214027,2073.329628940443,2432.072233385894,-0.7198210000256222
2022-06-26,2266.24631088083,2081.479796226852,2440.7468485503114,0.7459134330164874
2022-06-27,2283.0149603053064,2103.535389249929,2461.898953281881,0.7399305778884591
2022-06-28,2268.224796649033,2082.369513739075,2450.6092305859156,-0.6478347235313486
2022-06-29,2254.3760733188324,2088.173233797116,2418.0412989579104,-0.6105533874182223
2022-06-30,2248.634927185632,2067.9874876314943,2431.6770692459936,-0.2546667435459615
2022-07-01,2276.047563524046,2089.569369481363,2457.200845705557,1.2190790068676627
2022-07-02,2261.7108629781133,2083.2628686179987,2437.0603242409506,-0.6298945934036126
2022-07-03,2280.6777225447718,2112.22418019956,2463.4112125779957,0.8386067325017788
2022-07-04,2299.690551488991,2128.7549718520254,2484.0909159863268,0.8336482071217288
2022-07-05,2287.0476511233333,2107.629333119526,2436.384840678296,-0.5497652872240466
2022-07-06,2275.3893046819203,2111.823050088312,2446.70336016392,-0.5097552924044568
2022-07-07,2271.90206274575,2104.8936304462477,2454.1243153712285,-0.1532591336785738
2022-07-08,2301.732400252538,2123.407357605842,2481.7459198522124,1.31301159481918
2022-07-09,2289.614823044692,2126.9466699866634,2456.595673053339,-0.5264546480953425
2022-07-10,2310.9284418533516,2141.4172941233783,2495.2097539270144,0.9308822861443966
2022-07-11,2332.241263592681,2151.2927735295943,2505.6680982648395,0.9222622974096373
2022-07-12,2321.6832439098157,2134.0399922322804,2493.326986148776,-0.4526984342349549
2022-07-13,2312.02097956348,2142.152411647897,2484.2817769468943,-0.41617496149319866
2022-07-14,2310.4495005356953,2146.192813544526,2482.768571944364,-0.06796992941134894
2022-07-15,2342.205830376986,2165.2711781714343,2526.8364881731695,1.3744654377396026
2022-07-16,2331.654976384065,2140.884035748689,2492.5576611942433,-0.4504665583221934
2022-07-17,2354.498063318741,2178.777819726419,2535.4863551774483,0.9796941299651918
2022-07-18,2377.1276809395345,2204.5360159281067,2559.487450256818,0.9611227961213942
2022-07-19,2367.507797462208,2196.7418829005237,2546.403419996998,-0.40468518180412083
2022-07-20,2358.537164872033,2177.8096724669917,2530.335280841751,-0.37890614762878805
2022-07-21,2357.428647382017,2183.8175171833577,2536.697203013381,-0.0470002129508984
2022-07-22,2389.522632898753,2222.5541572361644,2565.671718102923,1.3613979601196702
2022-07-23,2378.8307735861563,2206.6447736455984,2543.629967878901,-0.44744750124530164
2022-07-24,2401.3954677546876,2228.1932245312564,2573.1337971942166,0.9485623954037958
2022-07-25,2423.4559782212777,2240.238586181625,2600.9541609900116,0.918653789549162
2022-07-26,2412.8348535110954,2242.5930540076793,2594.119817546448,-0.4382635709346716
2022-07-27,2402.5896326951747,2218.4925502114515,2561.766032047863,-0.42461342934482227
2022-07-28,2399.9771666303245,2221.717433853341,2570.821776622804,-0.10873542569646011
2022-07-29,2430.472559694717,2260.14008069026,2596.1168607481904,1.270653466558147
2022-07-30,2417.7640992446604,2240.461362819117,2585.4084779007057,-0.5228802275246691
2022-07-31,2438.2651792193033,2260.306857900602,2611.5206679862454,0.8479354946600237
2022-08-01,2458.091099270822,2273.1809543475433,2626.2859166674825,0.8131158259770066
2022-08-02,2444.9513244218433,2273.2683445786097,2625.1735096491216,-0.5345519884464967
2022-08-03,2432.0885441888804,2261.892049967466,2615.678261400834,-0.5260955547245705
2022-08-04,2426.831965104552,2256.128933156569,2619.2495135078243,-0.21613436307194034
2022-08-05,2454.8086855756414,2291.2317102403504,2631.4276291329224,1.1528083061937089
2022-08-06,2439.402370095759,2257.654354908036,2610.37246502976,-0.6275973997651674
2022-08-07,2457.41192875873,2278.6599023441754,2638.6413194601037,0.7382774930346558
2022-08-08,2474.839772684862,2302.785929254034,2657.856736676748,0.7091950568879568
2022-08-09,2459.28906210321,2281.455108531744,2643.8137388941536,-0.6283522171126821
2022-08-10,2444.1899210020724,2275.5579652646497,2597.9535572875507,-0.6139636585959063
2022-08-11,2436.9396938561385,2263.579347803174,2602.241482843049,-0.2966310876104661
2022-08-12,2463.312847277152,2285.156228649715,2639.706651851294,1.0822242949837246
2022-08-13,2446.3771535533983,2274.504073883177,2625.992074625762,-0.687516964906576
2022-08-14,2463.3013167839645,2286.365985158976,2640.348490974059,0.6918051538367109
2022-08-15,2479.954859029548,2315.534918658841,2653.973765563657,0.6760659823511261
2022-08-16,2463.810605203757,2291.9924182514596,2655.4378631772915,-0.6509898261659708
2022-08-17,2448.458372277587,2272.607966413221,2639.321833593686,-0.6231092963779328
2022-08-18,2441.332575575983,2272.259576907789,2621.766209320101,-0.2910319727010724
2022-08-19,2468.3211037021033,2287.503870329879,2654.7205914773713,1.105483472269353
2022-08-20,2452.139512922275,2278.319636235136,2642.4317543799652,-0.6555707341138972
2022-08-21,2470.288149635981,2293.5272405398164,2648.55342101166,0.7401143620934469
2022-08-22,2488.464257617776,2319.0830625467797,2664.689417490192,0.7357889801023365
2022-08-23,2473.970322575716,2302.5234828612147,2643.2991869348098,-0.5824449757592665
2022-08-24,2460.515882550755,2285.377970032044,2631.0801976070666,-0.5438399928319737
2022-08-25,2455.533145044938,2282.4462892598413,2626.309383481535,-0.20250783752924217
2022-08-26,2484.9855015384596,2310.4546507913456,2664.7891091138504,1.199428179291906
2022-08-27,2471.2003942550054,2297.6394802444224,2646.648446260824,-0.5547359240092087
2022-08-28,2491.9765816516524,2331.462165634486,2667.898968446954,0.8407326028656792
2022-08-29,2512.8090884185913,2360.4671012414783,2701.8466756279086,0.8359832480099527
2022-08-30,2500.8039961753584,2322.1109124909945,2681.045664538591,-0.4777558429951423
2022-08-31,2489.7689162808056,2293.670764057289,2666.2538890031824,-0.44126128682733246
2022-09-01,2487.1171039174274,2298.803243316244,2662.862709134149,-0.10650837296737325
2022-09-02,2518.876033790618,2334.754448733052,2695.9126703226602,1.2769374559471913
2022-09-03,2506.9792873882393,2335.9889200445464,2691.7659310232075,-0.4723037673463937
2022-09-04,2529.5242278772353,2361.3300378921563,2701.540185740177,0.8992870664074504
2022-09-05,2551.8099701050937,2377.597624916602,2736.972221329179,0.8810250553148657
2022-09-06,2540.758699134807,2362.2659942004684,2709.023744220915,-0.4330757814944741
2022-09-07,2529.761802075881,2359.752758179492,2712.0215049259627,-0.432819419753272
2022-09-08,2526.773013106052,2357.830743630673,2700.4984819140836,-0.118145074661824
2022-09-09,2557.8929145349757,2384.7797386131733,2736.5037531454045,1.2316065300487455
2022-09-10,2544.741745096776,2357.0045414401716,2723.062218866752,-0.5141407352696192
2022-09-11,2565.7020395977397,2390.21587314158,2746.141264436889,0.8236707925804332
2022-09-12,2585.9450488000384,2405.8258801455772,2760.7329335742706,0.7889851935212411
2022-09-13,2572.3077430955873,2391.83136122026,2745.2382472499207,-0.5273625482018374
2022-09-14,2558.8478585785065,2391.721175629737,2736.30144849344,-0.5232610504403601
2022-09-15,2553.030830284605,2375.983243955734,2723.8294215212222,-0.2273299787793115
2022-09-16,2581.069832620897,2405.050676918567,2760.700644660107,1.0982633661798191
2022-09-17,2564.3995921343,2399.2404354942137,2741.9807182090926,-0.6458655351323728
2022-09-18,2581.6830325021115,2409.884434700082,2768.980276302928,0.6739761003248024
2022-09-19,2598.046946718929,2416.623643472597,2778.1245422386423,0.6338467585216279
2022-09-20,2580.294502172876,2397.3119086717697,2751.2886135417184,-0.683299605824006
2022-09-21,2562.650774562185,2384.250605795468,2742.460743385881,-0.683787358219512
2022-09-22,2552.6743402451057,2373.128734215366,2729.3336713199096,-0.38930135998664905
2022-09-23,2576.728614316877,2404.404128642957,2751.2860937811706,0.9423166007717976
2022-09-24,2556.0939982202976,2397.006856623227,2728.6091387645474,-0.8008067276440767
2022-09-25,2569.7377572772593,2391.8077705648766,2743.9744741052614,0.5337737605292103
2022-09-26,2582.75828109925,2412.653082922908,2772.8144891627567,0.5066868704838745
2022-09-27,2561.932551908124,2376.192867912555,2733.297870470624,-0.8063367502692653
2022-09-28,2541.6517694474987,2367.6436626765976,2718.877933320446,-0.7916204681313821
2022-09-29,2529.557360072292,2353.066047785321,2700.0411085868795,-0.47584840380536786
2022-09-30,2552.1435351030204,2380.0577450448204,2742.2988197194127,0.8928904079124278
2022-10-01,2530.5078684508503,2357.6398376506677,2714.4933796361743,-0.8477448997121884
2022-10-02,2543.8846786370655,2362.72060986712,2720.81663832621,0.5286215606357336
2022-10-03,2557.298326836532,2380.953689102321,2729.6425813284754,0.5272899480118332
2022-10-04,2537.4462722731296,2362.186418959027,2715.7713957487667,-0.7762901322490579
2022-10-05,2518.825579524258,2344.950452655985,2691.1919586141876,-0.7338359417632279
2022-10-06,2509.0942926267944,2339.289325937735,2678.811923338825,-0.38634222935363116
2022-10-07,2534.806304438557,2369.611662722568,2725.0394481206768,1.0247527120570865
2022-10-08,2516.801579454956,2337.713817442248,2691.714074886091,-0.7102998344320821
2022-10-09,2534.5043586440197,2352.770573843468,2697.448183285274,0.7033839828127109
2022-10-10,2552.7868923532124,2373.94900209728,2731.4796497632715,0.7213455225215659
2022-10-11,2538.189532174143,2348.6435289391034,2712.5380484089246,-0.5718205551272226
2022-10-12,2525.2395934760084,2365.950316534728,2708.7735140332,-0.5102037706003038
2022-10-13,2521.5395607051296,2352.85910315394,2704.7191728184553,-0.14652204806379077
2022-10-14,2553.635696418794,2376.3152127150943,2724.849329224887,1.2728785307928758
2022-10-15,2542.0492695507755,2363.1822770834606,2715.4197435978663,-0.45372277981026166
2022-10-16,2566.3408446602098,2396.0379760685223,2754.574418799037,0.9555902554841955
2022-10-17,2591.18558377465,2415.4312375746426,2762.4466115813575,0.9680997427186755
2022-10-18,2582.9313544841784,2404.2805460258087,2759.0213566173097,-0.3185502938175211
2022-10-19,2576.11069021449,2395.705177393574,2749.7720862266797,-0.26406680370529845
2022-10-20,2578.256605966205,2399.8082483746584,2753.560652149489,0.0833006034975936
2022-10-21,2615.9051548503962,2429.7650455843273,2805.054380550205,1.460232809917783
2022-10-22,2609.267889653111,2435.3403601346868,2775.4720581581696,-0.2537272876647845
2022-10-23,2638.062142514825,2458.1504313354826,2815.959638839201,1.103537623557016
2022-10-24,2666.7976022790212,2483.250700040368,2845.7542329592666,1.089263944965424
2022-10-25,2661.671886487737,2489.7845902239997,2831.972873964641,-0.19220490474807228
2022-10-26,2657.274932771947,2479.9671182276184,2836.677388815948,-0.16519518194979543
2022-10-27,2661.131099803939,2480.595636225189,2839.14871765938,0.14511735253412983
2022-10-28,2699.8348460855677,2520.389884721666,2878.4887692239995,1.4544096036636533
2022-10-29,2693.3629720413423,2508.2215617165634,2874.318285977277,-0.23971370151062432
2022-10-30,2721.669380042321,2539.5256628606817,2892.9571152821945,1.0509689297289349
2022-10-31,2749.1813566821465,2580.107672627335,2936.805154250036,1.0108493280472475
2022-11-01,2742.030925691728,2571.00802080644,2912.59440075925,-0.26009309909797995
2022-11-02,2734.949905454359,2564.5617409407178,2919.281605836701,-0.2582399844955341
2022-11-03,2735.536767723125,2559.2811701596806,2897.997412022353,0.02145787999976445
2022-11-04,2770.523590680714,2594.6552012836632,2944.7301472951644,1.2789746922944545
2022-11-05,2759.7265487589452,2581.0381990176897,2942.7583714477673,-0.38971124296096615
2022-11-06,2783.4036743515267,2589.460322519731,2965.600573473689,0.8579518721965051
2022-11-07,2805.9595141870313,2633.5405766468025,2981.769418383781,0.8103689753431009
2022-11-08,2793.51111131512,2607.51780574806,2966.392834171741,-0.44364157105516444
2022-11-09,2780.972783043685,2604.9707913398797,2954.721887864862,-0.44883760156344543
2022-11-10,2776.047020312066,2606.8742409419388,2948.902734954928,-0.17712373028793138
2022-11-11,2805.62224363023,2631.768903093221,2991.0134114534003,1.0653718435518211
2022-11-12,2789.3613262647596,2618.8786771123123,2961.170556897793,-0.5795832779123655
2022-11-13,2807.822405477303,2628.0501500192104,2984.9316842764656,0.6618389320420137
2022-11-14,2825.372221844052,2646.5427677944167,2989.1126773130495,0.625032991136254
2022-11-15,2808.0872926118877,2643.26793434997,2990.1347561937423,-0.611775294544481
2022-11-16,2791.029211987064,2607.608961843583,2979.2349270466407,-0.6074626194742416
2022-11-17,2781.9606129345048,2599.762785971022,2940.3107274234417,-0.3249195319637299
2022-11-18,2807.8749423004724,2632.8179005236325,2977.788686986168,0.9315131654086262
2022-11-19,2788.2243979533882,2613.9801626638537,2959.9555250646863,-0.6998368784538744
2022-11-20,2803.8052999634983,2652.900549183353,2988.986328358954,0.5588109056626323
2022-11-21,2818.8817152806746,2638.6712793611405,2986.1519589353943,0.5377126335188942
2022-11-22,2799.4234766002555,2615.398924278828,2968.9746632353413,-0.6902821986087382
2022-11-23,2780.5736691726406,2617.2466402691107,2955.1690256381817,-0.67334605089856
2022-11-24,2770.091287157096,2591.859902150888,2945.7950845568007,-0.3769863079608249
2022-11-25,2795.0145866444823,2621.271342303002,2959.6488309932624,0.8997284530996463
2022-11-26,2774.5298824596703,2608.865691337243,2942.629105129425,-0.732901512668116
2022-11-27,2789.622775184884,2601.929972083454,2960.4023586520443,0.5439801827556323
2022-11-28,2804.4131742729132,2635.7120242909386,2994.643910057087,0.5301935164710114
2022-11-29,2784.0667041970974,2613.632889324018,2956.4645015217297,-0.7255161351569006
2022-11-30,2764.4577031811405,2597.8257817002736,2945.3981533590168,-0.7043294252395471
2022-12-01,2753.3206881097067,2587.539107066208,2931.2805366603666,-0.4028643686108113
2022-12-02,2777.7016469607797,2603.3250055920034,2958.094762742938,0.88551104694643
2022-12-03,2756.5964413128813,2588.32087168245,2927.6409451540258,-0.759808227459946
2022-12-04,2771.10975901464,2588.9331916390634,2967.791410621919,0.5264941028091386
2022-12-05,2785.273697193974,2614.057204177525,2960.8526581966967,0.5111287322076441
2022-12-06,2764.873266058794,2603.1782623249014,2927.6560185639573,-0.7324390114958002
2022-12-07,2745.1511890374036,2565.03628429222,2913.6955888210136,-0.7133085361812341
2022-12-08,2733.8519013105097,2556.157283256295,2912.868888757297,-0.4116089405937662
2022-12-09,2758.060956786903,2587.816456147614,2921.2654329739185,0.8855291489926032
2022-12-10,2736.695300382059,2565.0519656243227,2922.3124449048332,-0.7746622260928704
2022-12-11,2750.9750769185616,2581.2300168480388,2920.0258651746312,0.5217890546495685
2022-12-12,2764.9174966760906,2579.6548706686053,2955.62190571439,0.506817378118396
2022-12-13,2744.299233191146,2569.0099043917717,2923.734093703394,-0.7457098994719136
2022-12-14,2724.4385561052086,2544.821423321497,2900.9282492976563,-0.7237066878761134
2022-12-15,2713.1255993523737,2538.5623735006566,2893.0822514324836,-0.41523992998423465
2022-12-16,2737.5147014051827,2557.6440651482408,2908.012038484579,0.8989300774955078
2022-12-17,2716.4654846167587,2549.953519802727,2891.621784898777,-0.7689170318471494
2022-12-18,2731.326673063072,2549.5208878889853,2903.356840597872,0.5470781252503221
2022-12-19,2746.104634183485,2581.4246125897703,2919.6243902408714,0.5410543259492195
2022-12-20,2726.562324037295,2550.822768610703,2902.873960478604,-0.7116374919923785
2022-12-21,2708.0786783886388,2538.0495751004464,2889.9127339055362,-0.6779102566519479
2022-12-22,2698.4653530153414,2513.3170901958297,2872.8828683975835,-0.3549869304025344
2022-12-23,2724.9124740210586,2538.7347763633957,2890.118024683413,0.9800800657367992
2022-12-24,2706.1812652949434,2532.139710073195,2875.866594989755,-0.6874058856824239
2022-12-25,2723.700863273508,2551.882178080812,2905.7318951825832,0.6473918877217155
2022-12-26,2741.4127453915144,2569.4173174547395,2910.7786748849794,0.6502873482486349
2022-12-27,2725.007625814869,2541.063495794252,2894.3032180444543,-0.5984184469931986
2022-12-28,2709.863664135336,2539.5344782566217,2883.2638668967447,-0.5557401577914622
2022-12-29,2703.7513530072547,2516.0660041484207,2880.801451114462,-0.22555788355617112
2022-12-30,2733.8344255000898,2563.439838593833,2915.620412092957,1.112641976466322
2022-12-31,2718.715802961446,2546.31916129366,2899.0152898801502,-0.5530189538043406
2023-01-01,2739.849156665626,2560.7131582961883,2908.42711480328,0.7773285343455116
2023-01-02,2761.060903182379,2581.175507715031,2941.2284097586403,0.7741939538951748
2023-01-03,2747.9266146354253,2560.95153275003,2915.9699203677974,-0.4756971688605449
2023-01-04,2735.789449405344,2566.14476075077,2902.7564325196613,-0.4416844745940063
2023-01-05,2732.354392005149,2564.1260746853713,2911.6992537085607,-0.1255600061233375
2023-01-06,2764.7452879312004,2595.69853438427,2942.189300131578,1.1854573484620934
2023-01-07,2751.4048187888184,2580.6708902399328,2917.4595898754455,-0.48252072987036154
2023-01-08,2773.8212315954447,2591.1392405382985,2945.5180815948293,0.8147260865994266
2023-01-09,2795.72802053748,2624.2317122223144,2968.725688918334,0.7897693150699103
2023-01-10,2782.1569535898566,2611.8689655530397,2953.977947282587,-0.4854215734839018
2023-01-11,2768.9287530550855,2590.8017631907264,2952.06541180683,-0.4754656460952855
2023-01-12,2763.734958197565,2601.826527664644,2944.398158684119,-0.18757416028816198
2023-01-13,2793.7030770105453,2612.7568933027546,2967.2097217604914,1.084334035870227
2023-01-14,2777.2396586595714,2600.5859198051744,2955.5533459942803,-0.5893045143720466
2023-01-15,2795.8897486651267,2613.462460337718,2963.7049546688204,0.6715333315727046
2023-01-16,2813.403899810521,2633.6906470700337,2986.824432506373,0.6264249566262814
2023-01-17,2795.330163153632,2630.214157303555,2979.452549241648,-0.642415284136999
2023-01-18,2777.0865723936945,2599.5156370029576,2963.0053989942908,-0.6526452939410676
2023-01-19,2766.4345336198403,2591.181637621582,2925.253493647943,-0.383568840804005
2023-01-20,2790.5807223067045,2605.6172106657837,2960.1517881171135,0.8728270412121208
2023-01-21,2768.0200303075953,2590.1117611937734,2944.6786244778023,-0.8084586773917213
2023-01-22,2780.3902142693078,2600.225485690166,2938.705890521994,0.4468964756854765
2023-01-23,2791.5401396962866,2625.190668364827,2963.445938556605,0.4010201650745282
2023-01-24,2767.1184039073555,2576.15142075732,2935.306960243508,-0.8748480969930861
2023-01-25,2742.642966253789,2565.5521068406188,2906.990211388845,-0.8845099515440213
2023-01-26,2725.973526191986,2549.6140839202903,2913.343280022842,-0.6077874614708656
2023-01-27,2744.4108239348366,2567.2702571223845,2924.051040164145,0.6763564490153584
2023-01-28,2716.539041815355,2532.258154107527,2888.6985546646024,-1.01558344969358
2023-01-29,2724.075556910468,2557.5737987178345,2902.433201326309,0.2774307668361953
2023-01-30,2730.9406639929243,2554.6225829967298,2910.2448946524905,0.2520160303571828
2023-01-31,2702.8434060596724,2527.1285105648667,2874.9007601299254,-1.0288490813334161
2023-02-01,2675.3492427006477,2516.7964881770013,2862.629275832863,-1.0172310869872803
2023-02-02,2656.352604215694,2477.4553955278434,2830.435983990989,-0.7100620054291462
2023-02-03,2673.1750503010326,2496.7603867233893,2847.6483487643427,0.6332911548956544
2023-02-04,2644.4088112793074,2469.1480348823093,2809.0191762996105,-1.0761075679830867
2023-02-05,2651.7635201324883,2474.497547103109,2833.6787832429495,0.2781229899783577
2023-02-06,2659.1394330103044,2497.1658860251378,2836.4894231695475,0.2781512311266665
2023-02-07,2632.212579596627,2453.863406141722,2795.1060776534136,-1.012615325071331
2023-02-08,2606.502623265398,2436.349441711231,2791.6754938480526,-0.9767431601276244
2023-02-09,2589.8477330035585,2413.7749160602702,2758.9157306221177,-0.6389746211333036
2023-02-10,2609.5036771122213,2435.6248762107884,2783.7192699132165,0.7589613805544904
2023-02-11,2583.990465310213,2411.4318379530073,2758.964254172427,-0.977703615663883
2023-02-12,2594.937857019263,2431.7044922698583,2766.812075783794,0.42366223312422235
2023-02-13,2606.1636681682376,2432.910633767475,2771.0578094391003,0.43260423823288097
2023-02-14,2583.259583456093,2402.3143602200093,2782.190737277317,-0.8788429135090703
2023-02-15,2561.660271441575,2392.2464326224244,2744.771022920102,-0.8361262705786965
2023-02-16,2549.1213334203467,2367.517922220601,2730.655947514815,-0.48948481424400114
2023-02-17,2572.81977000715,2391.0316354245597,2753.778490543712,0.9296707958190931
2023-02-18,2551.2038315920695,2374.0599192517343,2724.8774757323717,-0.8401652796309333
2023-02-19,2565.837079297288,2375.954766339835,2728.8511087885736,0.5735820683558046
2023-02-20,2580.481231145858,2420.872558504605,2764.7328569615656,0.5707358415983688
2023-02-21,2560.6817818735667,2394.7282460481665,2738.6458079755776,-0.7672773990105575
2023-02-22,2541.8372347320324,2364.8977725772174,2712.252678289808,-0.735919131964391
2023-02-23,2531.6787360293365,2344.4545894609273,2706.399372763547,-0.39965181735041044
2023-02-24,2557.37030717429,2375.2868540227696,2743.8559751434027,1.0148037655539177
2023-02-25,2537.360122234311,2359.290057587631,2719.3372156673295,-0.7824516020946803
2023-02-26,2553.2212129229993,2368.7979193409515,2726.116783452542,0.6251020716255828
2023-02-27,2568.7368675453868,2383.3594274901643,2743.4516678914338,0.6076893981553866
2023-02-28,2549.484044808098,2371.805744877753,2723.8610228284033,-0.7495054468419027
2023-03-01,2530.9007334021135,2349.091108265846,2709.7891679731415,-0.7289047932591997
2023-03-02,2520.765358169267,2342.013532907816,2701.3035382602516,-0.40046514266967037
2023-03-03,2546.294986677121,2363.516974592494,2724.050325480687,1.012772903480208
2023-03-04,2525.996410674355,2354.99099151855,2694.1554119073253,-0.7971808493899335
2023-03-05,2541.50207960576,2368.2132534847838,2711.9462505771644,0.6138436644597567
2023-03-06,2556.656878860668,2382.5266741663154,2738.798540290488,0.59629301020514
2023-03-07,2537.0984340036193,2358.9301339386884,2719.6042123652874,-0.7650007718581486
2023-03-08,2518.3219850320493,2355.214819975324,2688.0451048150117,-0.7400756990709412
2023-03-09,2508.159254608881,2325.710798985186,2687.0993824650354,-0.40355166986476565
2023-03-10,2533.8746281729395,2347.166947575817,2701.56232093443,1.0252687709843444
2023-03-11,2514.016343908834,2341.6906435987207,2691.5544017685997,-0.7837121869926245
2023-03-12,2530.248254194376,2346.0027194363734,2705.4220719417185,0.6456565139232096
2023-03-13,2546.4388589875584,2375.2993539058675,2725.997159895238,0.6398820655777016
2023-03-14,2528.2396273931936,2354.914098427538,2706.331497514295,-0.7146934445384945
2023-03-15,2511.148732971685,2344.685242742095,2684.8008299115045,-0.6759997840525278
2023-03-16,2502.99091284817,2334.6662668622293,2679.844860061832,-0.32486407580729626
2023-03-17,2531.0132911930073,2359.2830325131135,2707.7306263157743,1.1195557363390618
2023-03-18,2513.7384438774056,2340.6647499282976,2679.837953678506,-0.6825269300525516
2023-03-19,2532.7938035918673,2356.6375461807675,2705.33208725265,0.758048625181118
2023-03-20,2552.0047660663545,2376.18167021196,2719.9462346342284,0.7584890032201974
2023-03-21,2536.9728014145808,2366.921025319762,2719.7472801832105,-0.5890257279943856
2023-03-22,2523.1397321085756,2344.766180108651,2697.121698945148,-0.545258873027421
2023-03-23,2518.270130975549,2343.3930833336,2705.2076582183627,-0.1929976794807664
2023-03-24,2549.548163581649,2369.470148180207,2723.0253404535792,1.2420443788523805
2023-03-25,2535.433696614448,2366.6457166003875,2695.7157628938003,-0.5536066024880659
2023-03-26,2557.490280924061,2390.6257089124106,2729.8210956213343,0.8699333900572981
2023-03-27,2579.483008124795,2400.888320027908,2760.2382035178325,0.8599339502783021
2023-03-28,2566.9568175504696,2394.424144486124,2751.90333331888,-0.48560857097607046
2023-03-29,2555.3014432091327,2377.359211647501,2727.5277612970144,-0.4540541649025176
2023-03-30,2552.2361970171696,2391.48810993563,2738.1584088150767,-0.11995634409823763
2023-03-31,2584.907403286117,2401.383191561288,2753.393584233666,1.2801012032950032
2023-04-01,2571.7468647287837,2382.219200310779,2750.1480047865007,-0.5091299804628524
2023-04-02,2594.2974987483135,2428.058611205153,2766.252783186962,0.8768605623208581
2023-04-03,2616.3148060212866,2445.702474025402,2790.756055312672,0.8486808966047921
2023-04-04,2603.344055617857,2433.6108462241173,2784.635694643165,-0.4957641325722073
2023-04-05,2590.784437365369,2411.3352191345352,2780.8591630023116,-0.482441735866046
2023-04-06,2586.374661333491,2409.9606638101945,2752.5346215922946,-0.1702100710610277
2023-04-07,2617.2893513458366,2435.4494903074565,2793.9830180498166,1.1952904764542582
2023-04-08,2601.9982139929903,2420.096011577865,2777.531720304299,-0.5842356461269183
2023-04-09,2622.0876945234577,2449.7388967696097,2795.8795218437067,0.7720789515700099
2023-04-10,2641.3644887777173,2463.1608703606635,2818.2154971250206,0.7351697006366953
2023-04-11,2625.4301368631577,2455.389174312799,2797.2325032806216,-0.6032621390292481
2023-04-12,2609.7430524231168,2430.381734138186,2793.2983335335475,-0.5975053085504611
2023-04-13,2602.103780114242,2420.2078430177285,2784.285467889185,-0.2927212432573323
2023-04-14,2629.7493882936596,2447.3279094563704,2803.260213860131,1.0624329586963688
2023-04-15,2611.2126013364204,2431.594088650837,2788.035132984355,-0.7048879653611007
2023-04-16,2628.1389718189143,2454.7865296758027,2809.793116543024,0.6482187805707973
2023-04-17,2644.3921767535444,2475.0718513167726,2815.8874928147134,0.6184301937192105
2023-04-18,2625.626011257812,2444.371433879145,2803.8367772872107,-0.7096589401792586
2023-04-19,2607.3445300749377,2420.730902728466,2785.071910394234,-0.6962713312745006
2023-04-20,2597.3874341348283,2412.291812886693,2767.5971126675418,-0.3818864682153533
2023-04-21,2623.0231532782354,2454.7837843515435,2797.8654499332947,0.986980948875904
2023-04-22,2602.8088314299616,2438.040807596054,2779.7189515825494,-0.7706497681124191
2023-04-23,2618.4040774299924,2450.0074646014714,2802.192130728941,0.5991698587968441
2023-04-24,2633.67925081488,2449.5358369075825,2820.2356366255876,0.5833772379349789
2023-04-25,2614.286170508492,2439.5523568179738,2786.6882451291813,-0.7363493599453208
2023-04-26,2595.717758043806,2427.2251567423586,2778.062256617051,-0.7102670195082039
2023-04-27,2585.794980398648,2411.7699935612814,2756.6911868707152,-0.3822749069851139
2023-04-28,2611.7600507203583,2435.8947748605497,2784.6285249187367,1.0041426531699482
2023-04-29,2592.138658757582,2409.0581808880884,2771.993797056423,-0.751270851139807
2023-04-30,2608.551622470808,2440.214052874188,2784.1788428173286,0.63318232062064
2023-05-01,2624.8273829823147,2443.4491226747314,2801.788016142395,0.6239386014561754
2023-05-02,2606.5725164606442,2446.2611059690735,2786.5040288300465,-0.695469219805589
2023-05-03,2589.2318107967853,2410.6563347916663,2767.0287759258877,-0.6652684916437779
2023-05-04,2580.577519663627,2403.4072426843964,2761.628382743963,-0.3342416502482015
2023-05-05,2607.8032439954636,2426.587216016311,2780.0594224711863,1.055024471242616
2023-05-06,2589.3887681810425,2419.607388226232,2779.2360646799834,-0.7061297993558702
2023-05-07,2606.9097661153287,2440.7786927692796,2782.9916335460425,0.6766460930698326
2023-05-08,2624.1544530388987,2450.1406887815033,2792.7901005629797,0.6614991875713017
2023-05-09,2606.693648639701,2424.8027080166617,2783.1137848873736,-0.6653878310774353
2023-05-10,2589.9408468223032,2416.531831904188,2768.5711144923994,-0.6426839542936102
2023-05-11,2581.6431682142816,2408.4628041224173,2762.6489613930626,-0.32038100863200913
2023-05-12,2608.975157309935,2420.154155735638,2771.314248476999,1.058705146868122
2023-05-13,2590.405330630123,2410.4560148277133,2792.832572711966,-0.7117670947453303
2023-05-14,2607.5029411338296,2433.863253766201,2791.3550610554157,0.6600361071503746
2023-05-15,2624.057716957475,2436.026684552984,2795.2889480908916,0.6348900153664516
2023-05-16,2605.64836162354,2434.9457117231477,2791.8538171341897,-0.701560610308527
2023-05-17,2587.701488620512,2406.6799951359408,2757.399583510955,-0.6887680343730551
2023-05-18,2577.9831596163367,2391.881484550585,2760.7402601223594,-0.37555834963622914
2023-05-19,2603.6915285290397,2438.42945240583,2777.7204902653434,0.9972279615871882
2023-05-20,2583.324103441364,2400.8743700933737,2756.902826369718,-0.782251847598181
2023-05-21,2598.4806656184724,2436.8630266966716,2773.710196713394,0.5867077288876477
2023-05-22,2612.9853067087297,2423.503170644708,2789.8824678163564,0.5581969988144975
2023-05-23,2592.452709819818,2404.980658785603,2772.1369048814995,-0.7857907519110419
2023-05-24,2572.3454381796337,2394.9259702708487,2752.2407732412144,-0.7756080395997622
2023-05-25,2560.4657025139104,2374.86428000652,2724.5954073509365,-0.46182505231996407
2023-05-26,2584.046654110737,2416.8487418507534,2754.1913480031412,0.9209633846559484
2023-05-27,2561.6203211509387,2380.3574058149934,2723.6617876871715,-0.8678764729004529
2023-05-28,2574.8167972909764,2402.3497926250648,2745.3073902568663,0.5151612840933684
2023-05-29,2587.488838146991,2415.7244881061793,2773.8512167608314,0.4921531065568363
2023-05-30,2565.276317957479,2389.5427232076877,2730.7729154736708,-0.8584585897351782
2023-05-31,2543.6623854306617,2372.3515427131015,2705.9297114689402,-0.8425576759710118
2023-06-01,2530.4660736776877,2356.017518168016,2695.9732625130328,-0.5187917951909982
2023-06-02,2552.93293556882,2378.8711300307477,2741.3348185154478,0.8878546969997458
2023-06-03,2529.604405738607,2338.6720154452464,2694.393911044913,-0.9137932886989497
2023-06-04,2542.114045081412,2351.554721930626,2727.362329284217,0.49452947324197805
2023-06-05,2554.3154948130946,2373.3573480632986,2715.794337678313,0.47997255494065527
2023-06-06,2531.8458962062678,2363.111158542862,2716.7297897276094,-0.8796720159453542
2023-06-07,2510.1816685523154,2328.5683759503077,2673.4524452068727,-0.8556692840750779
2023-06-08,2497.1326638616106,2327.7720400434464,2668.2669291990037,-0.519843039815937
2023-06-09,2519.932775957631,2342.6486779372585,2693.6103819455916,0.9130516942885025
2023-06-10,2497.111273346801,2317.887135736582,2674.389937546124,-0.9056393419922482
2023-06-11,2510.2865459951363,2327.681743581257,2700.262837430541,0.5276205665707634
2023-06-12,2523.297755147889,2350.6232256160292,2707.171390973239,0.5183156948162182
2023-06-13,2501.7674401399395,2320.5131541789588,2674.7822908575195,-0.8532609742161634
2023-06-14,2481.157025765598,2304.6474799731855,2672.3815370606785,-0.8238341439597785
2023-06-15,2469.262513227328,2307.8428474561483,2648.3753073052335,-0.47939378341441685
2023-06-16,2493.3049428581785,2312.2785015148124,2673.5349262177765,0.9736684334719525
2023-06-17,2471.803473483746,2303.78471061765,2646.600258592674,-0.8623682167727353
2023-06-18,2486.366312993222,2307.7170662952462,2662.944102139732,0.5891584693402452
2023-06-19,2500.8256639251854,2321.7435812586123,2672.92055669554,0.5815454809052767
2023-06-20,2480.7990505012745,2307.5444963230466,2659.5856985771547,-0.8008000602680143
2023-06-21,2461.7440379044997,2284.7883466180688,2634.4874008785873,-0.7680998020748397
2023-06-22,2451.4549086096135,2290.5539785345295,2636.6638191796083,-0.4179609714275778
2023-06-23,2477.152412329797,2302.273972780747,2662.6721716521424,1.0482552067318185
2023-06-24,2457.3663869422685,2285.2817346079237,2642.908021705615,-0.7987407350894205
2023-06-25,2473.698362065732,2300.775739374885,2641.482671826944,0.6646129453974359
2023-06-26,2489.984146964289,2308.254231133224,2663.0976017401977,0.6583577508195937
2023-06-27,2471.8447052370666,2299.038485775138,2650.187620484467,-0.7284962737348022
2023-06-28,2454.7408809973485,2285.125716702725,2630.246132303359,-0.6919457441432408
2023-06-29,2446.469940923313,2267.810800969355,2622.365354918352,-0.33693739889462115
2023-06-30,2474.255028778005,2293.279877245969,2649.8532045097977,1.1357216121856695
2023-07-01,2456.617309969537,2287.7410250048943,2631.8189517750966,-0.7128496700349873
2023-07-02,2475.166603185017,2291.8766550441887,2642.6439728247815,0.7550745954692406
2023-07-03,2493.7351652049188,2312.646432919053,2671.1908693142454,0.7501944311953945
2023-07-04,2477.938151190931,2294.697085267122,2663.140408840953,-0.6334679894803408
2023-07-05,2463.229004492,2286.641365814374,2639.0827193107234,-0.59360427102918
2023-07-06,2457.39464946423,2276.497110278334,2646.2299089593607,-0.23685800293559156
2023-07-07,2487.645496958668,2301.550132704768,2649.643372645688,1.2310129958585714
2023-07-08,2472.4860132539525,2289.8342196196377,2637.0802496753395,-0.6093908365661038
2023-07-09,2493.5088969262965,2321.540460391749,2665.8270048170234,0.8502731081045267
2023-07-10,2514.525525568321,2332.5369168639527,2683.729371651776,0.8428535654286806
2023-07-11,2501.128199928735,2323.4028709445233,2675.7550086556034,-0.5327973609079995
2023-07-12,2488.746739307486,2303.023670188345,2669.7738668872034,-0.49503502545776845
2023-07-13,2485.142856972256,2301.953262145419,2646.6723948806343,-0.14480711429211146
2023-07-14,2517.501223950887,2348.7172949366527,2697.0912115278816,1.3020727113472352
2023-07-15,2504.298931617469,2333.5389753893514,2669.4224445250984,-0.5244204931387775
2023-07-16,2527.1036325989235,2352.0622077488983,2708.1001407787226,0.9106221583030205
2023-07-17,2549.701006711153,2366.1605653220495,2717.6629179106485,0.8942005314198198
2023-07-18,2537.6590754471063,2362.915440549771,2707.5846001168516,-0.47228797542733236
2023-07-19,2526.386211182283,2359.1329598159787,2702.210508569664,-0.4442229602034664
2023-07-20,2523.6248196869483,2343.6837592858874,2698.919004332891,-0.10930203320111964
2023-07-21,2556.5434996533872,2390.9604645485824,2736.848840477424,1.304420518836169
2023-07-22,2543.605348083865,2372.395385898831,2720.5509573258873,-0.5060798523974452
2023-07-23,2566.3699269888393,2388.9562959371783,2737.3991548426366,0.8949729140223406
2023-07-24,2588.617525830642,2417.3427199678063,2759.854361737072,0.8668897888741256
2023-07-25,2575.915244011212,2394.2385782661886,2754.425804399527,-0.4906975129651103
2023-07-26,2563.676038488425,2387.2522044957877,2737.273528116241,-0.47514007113557133
2023-07-27,2559.6512730506265,2387.190806106569,2739.215448469634,-0.15699196690123207
2023-07-28,2591.02347775705,2410.8832539486066,2771.0656850356827,1.2256437053252744
2023-07-29,2576.272956329097,2394.851253079891,2739.5002715705227,-0.5692932370000015
2023-07-30,2596.983004178424,2433.6914230770335,2776.590417486279,0.8038763050494779
2023-07-31,2616.9603710826864,2444.61462717739,2784.130735709397,0.7692528935352883
2023-08-01,2601.802505708001,2429.1318413012273,2760.054055525791,-0.5792164658731336
2023-08-02,2586.9570380932073,2403.737434379085,2767.022849448864,-0.5705839540943058
2023-08-03,2580.212606455417,2410.2159243864485,2752.5123331691193,-0.26070907009579924
2023-08-04,2608.791653026605,2438.126120080203,2794.083758042712,1.107623708979899
2023-08-05,2591.5020836416675,2410.930066448689,2764.1226538147366,-0.6627424372842916
2023-08-06,2609.687391172646,2428.59838311372,2778.03818510815,0.7017284549285074
2023-08-07,2627.1965652220865,2448.7860909163337,2798.1261857786667,0.6709299400635471
2023-08-08,2609.65381403041,2425.0360812984795,2775.9610726011056,-0.6677365304104455
2023-08-09,2592.556908315891,2407.669327673014,2768.6584378115685,-0.6551407555515643
2023-08-10,2583.739922924418,2402.34179799124,2752.3217780204523,-0.3400884031973139
2023-08-11,2610.4871420562536,2444.970950700554,2789.4813265469834,1.0352132927358149
2023-08-12,2591.29228092616,2415.020901644434,2761.1204218676794,-0.7352980530282993
2023-08-13,2607.8802172986575,2430.3337178642487,2788.0064672514795,0.6401414651136417
2023-08-14,2624.0981156777652,2444.517723911608,2785.968888980367,0.6218804940323119
2023-08-15,2605.5649821485144,2436.3586130409335,2790.401097858153,-0.7062667900458397
2023-08-16,2587.823228352885,2413.7787526706793,2759.3914704468575,-0.6809177248383147
2023-08-17,2578.7241324007146,2394.0119695965036,2749.9950994656933,-0.35161195913532284
2023-08-18,2605.578591305251,2432.5340398837016,2787.7102233527407,1.0413854885491736
2023-08-19,2586.815085078618,2394.644791632698,2744.2746797476498,-0.720128200670922
2023-08-20,2604.2156672613587,2428.2816370725636,2784.7258411470452,0.6726643231327767
2023-08-21,2621.585561279151,2446.829468735736,2799.075236479376,0.6669913800211091
2023-08-22,2604.497110901039,2428.495112092113,2785.411223716883,-0.6518364546444277
2023-08-23,2588.49521953269,2424.4012598711697,2767.8855935774404,-0.6143946676451795
2023-08-24,2581.4062103261563,2391.2803080406898,2744.0281065018153,-0.273866034329151
2023-08-25,2610.526120839949,2431.794169448901,2783.362539107717,1.1280638590434489
2023-08-26,2594.178109611516,2405.072644709054,2769.7228039607926,-0.6262343478552479
2023-08-27,2614.1634004077764,2431.889905545982,2785.3538454375907,0.7703900793170071
2023-08-28,2634.210029635529,2451.2513560889283,2823.2793577819293,0.7668468323221544
2023-08-29,2619.811844841379,2439.375973074152,2791.5138902775466,-0.5465845407984449
2023-08-30,2606.48843469279,2442.226670397639,2771.345466291163,-0.508563627377423
2023-08-31,2602.0179561447485,2433.870647050027,2783.8236760746036,-0.17151346188760686
2023-09-01,2633.6634814829863,2455.1936094367197,2804.6999776145212,1.2161916586127308
2023-09-02,2619.6302900514934,2450.868732076523,2797.063066937185,-0.5328392002303617
2023-09-03,2641.7321322034345,2451.799073730297,2813.257060471679,0.8437008167097693
2023-09-04,2663.6194085347183,2478.72826052717,2836.5655687750696,0.828519896641744
2023-09-05,2650.7134043691995,2483.331243306641,2817.578423258308,-0.4845288378724666
2023-09-06,2638.520798971377,2469.124982571623,2817.832985564494,-0.4599744875370182
2023-09-07,2634.790443576827,2464.3976798893,2807.633903276911,-0.1413805567121007
2023-09-08,2666.777635945068,2491.556023383685,2839.41293826526,1.2140317438231518
2023-09-09,2652.6010613102612,2480.7849482994593,2828.495936843027,-0.5315994271034463
2023-09-10,2674.1240283768816,2494.0593812563457,2860.579903983966,0.8113910297536053
2023-09-11,2694.9616221832807,2522.1843792315017,2868.080276071032,0.7792306409604599
2023-09-12,2680.5096089880135,2500.788561572583,2851.086507640942,-0.5362604452808228
2023-09-13,2666.312856926417,2487.157699136863,2843.9468875313187,-0.5296288442314556
2023-09-14,2660.1453021943653,2486.2922640537204,2833.222584363083,-0.23131399288084387
2023-09-15,2689.311302978954,2515.455622084099,2873.141752665772,1.09640630384098
2023-09-16,2671.9013068827126,2515.0748738398743,2835.31690305751,-0.6473774931506138
2023-09-17,2689.887076286601,2523.727878221969,2864.343877078345,0.6731449757353625
2023-09-18,2706.906786197537,2522.5603511573045,2888.669260579271,0.6327295320676329
2023-09-19,2688.3875424940843,2507.9626305177794,2878.535235434091,-0.684147817644909
2023-09-20,2669.966646800561,2493.40638431081,2845.4511912240728,-0.6852023899959647
2023-09-21,2659.49369280352,2478.1095493096655,2837.1627367582505,-0.3922503679808509
2023-09-22,2684.367970810726,2513.4837241285054,2860.444320055557,0.9353012595786581
2023-09-23,2662.6918840124945,2486.7859876278303,2836.2389170729803,-0.8074931244126393
2023-09-24,2676.579255020863,2502.423597541079,2854.9005470928837,0.5215538114549334
2023-09-25,2689.7175524272557,2504.4711342214573,2853.554848090926,0.49086151219872587
2023-09-26,2667.583316425405,2482.3933699507143,2819.3461008337267,-0.8229204580189609
2023-09-27,2645.915690301899,2465.3568156851493,2820.338461439588,-0.812256771516362
2023-09-28,2632.6402138722246,2452.686469778206,2806.3846718623026,-0.5017346727385519
2023-09-29,2655.2420043264683,2483.349647637268,2846.077993394249,0.8585218114935511
2023-09-30,2631.8168162537568,2454.785339294054,2802.329415972554,-0.8822242204116426
2023-10-01,2644.5925029952296,2482.69881096404,2824.598838995762,0.4854322178721393
2023-10-02,2657.2686278199776,2497.410707940315,2849.700265912929,0.47932242152208815
2023-10-03,2635.3252368945764,2466.2131929941293,2791.6745219473646,-0.8257874531640286
2023-10-04,2614.549278629737,2439.625667517233,2777.4547355927684,-0.7883641067893965
2023-10-05,2602.8808901365037,2432.3097679863,2772.7048328865108,-0.4462868070074566
2023-10-06,2627.8233143525667,2449.236141163285,2796.7126777668373,0.9582622205488223
2023-10-07,2607.392713465641,2431.5295540142433,2788.0817705019376,-0.7774723960830454
2023-10-08,2623.854026189083,2456.008962993726,2813.130028725265,0.6313323128667614
2023-10-09,2640.8393145222176,2463.5602384732542,2817.4386324689067,0.6473412073843221
2023-10-10,2623.751320186664,2456.821894293251,2808.2022575921587,-0.6470667958321075
2023-10-11,2608.344265762533,2430.6856607839527,2779.625523149235,-0.5872147373721104
2023-10-12,2602.4941564560627,2421.9576061408234,2777.146133293499,-0.22428440076945888
2023-10-13,2633.646953202415,2462.4190487392843,2813.7131855482394,1.1970361842723376
2023-10-14,2619.6686247760667,2450.350730147198,2806.075689609613,-0.5307593870678473
2023-10-15,2642.7968199214524,2450.234427341821,2812.4482470402213,0.8828672041435226
2023-10-16,2666.5392709093903,2494.2663391730493,2846.211903578029,0.8983835158634434
2023-10-17,2656.1733268999146,2481.058347261109,2824.954746289466,-0.3887414718606652
2023-10-18,2647.3821746035323,2462.967052047434,2820.7874843080153,-0.3309705811496366
2023-10-19,2647.9500121828264,2476.7607230547487,2830.7272306006303,0.02144902178240482
2023-10-20,2685.249132476587,2510.866312855792,2869.387365818007,1.4086036413887282
2023-10-21,2676.9906475448074,2498.9399548691126,2850.0408105587735,-0.30755004561393573
2023-10-22,2705.3921758336414,2545.1030817026344,2876.8042080325167,1.0609498510905313
2023-10-23,2733.8562609446135,2557.193187245611,2913.485530816546,1.0521241750172994
2023-10-24,2727.5655956689293,2536.601922465953,2903.8952224320483,-0.23010226856295946
2023-10-25,2722.1741338236175,2538.901355635659,2905.0820262933685,-0.19766570798050997
2023-10-26,2725.426373967108,2529.1002398768483,2919.0402235788733,0.11947215657810428
2023-10-27,2764.682369955866,2598.909096749284,2939.7437083468785,1.4403616389613738
2023-10-28,2757.5679436699415,2592.2128570754053,2944.648569261619,-0.25733250094974736
2023-10-29,2786.3570250943835,2612.0994716860055,2961.7248309880315,1.0440026143518244
2023-10-30,2814.4285745965467,2639.321594436348,3000.0805797107923,1.0074641996465683
2023-10-31,2806.955868400252,2635.911329987524,2987.5789335274,-0.2655141531657468
2023-11-01,2799.650790050991,2625.434416146553,2970.697023327576,-0.26024913435579444
2023-11-02,2800.305467635031,2616.206400839093,2969.392521609469,0.02338425872137062
2023-11-03,2836.353449852169,2667.106620985626,3005.3758905851814,1.2872874989449556
2023-11-04,2825.4176789349813,2653.235699057055,2985.193410058185,-0.38555741061671034
2023-11-05,2849.905829133668,2669.1077746958777,3019.482541192189,0.8667090314206982
2023-11-06,2873.2441892499837,2707.156653205483,3052.4520286709176,0.818916887629606
2023-11-07,2860.6596133257385,2686.667926328559,3024.8711733369305,-0.43799186895876474
2023-11-08,2847.975775071401,2675.2638073318467,3032.166617951539,-0.44338858755695876
2023-11-09,2843.0761500328736,2671.2188312117905,3008.12603679999,-0.1720388593686284
2023-11-10,2873.5005804488487,2694.148842292515,3053.5712646396946,1.0701236551691862
2023-11-11,2856.890482010322,2684.72867866619,3027.0979282838675,-0.5780440258665975
2023-11-12,2875.7969171065183,2716.7764130386367,3044.5946897201857,0.6617836845776548
2023-11-13,2893.6914429764665,2742.0039086490665,3056.0554302855717,0.6222458117088658
2023-11-14,2875.8410016893504,2700.1473806180725,3045.9819901500346,-0.6168743848084635
2023-11-15,2858.1566734932553,2687.1916553996434,3031.8282833516123,-0.6149271877585294
2023-11-16,2848.5787884993642,2682.5815353272915,3027.470607343272,-0.33510706682796654
2023-11-17,2874.7098940690444,2708.2140877374704,3046.726364806831,0.9173383469391672
2023-11-18,2854.1584131600457,2685.798861554745,3021.4217565686918,-0.7149062571983111
2023-11-19,2869.560843764419,2686.6133648913415,3035.2485747788733,0.5396487641805559
2023-11-20,2884.3711030528757,2698.2772017457837,3051.3267258187775,0.5161158830501611
2023-11-21,2863.829987646887,2682.048498033065,3054.5561304795897,-0.7121523088429171
2023-11-22,2843.8681165608177,2666.840656253167,3024.508798909516,-0.6970340827554211
2023-11-23,2832.41488019759,2661.6280496528275,2999.5772561297217,-0.4027344410428846
2023-11-24,2857.069492083833,2680.6112632207205,3037.8790674364404,0.8704449358253541
2023-11-25,2835.3447121282584,2663.9947284127356,3023.568623376887,-0.7603868234835831
2023-11-26,2849.9046762192065,2666.398613108996,3029.816325294052,0.5135165409929643
2023-11-27,2864.1340928390714,2698.080364939444,3042.8906329888637,0.4992944760083162
2023-11-28,2843.2034481997516,2669.1247586203235,3006.989390874325,-0.7307843823252114
2023-11-29,2823.0271016785255,2648.3658282336796,3005.18344941872,-0.709634287127825
2023-11-30,2811.4967990144355,2635.2333733805663,2999.448398991203,-0.4084375476676838
2023-12-01,2836.1912810438644,2657.66740950176,3012.017470498419,0.8783393258027239
2023-12-02,2814.5202786694117,2630.4367868470963,2994.304491503332,-0.7640881811919464
2023-12-03,2829.1779089018296,2657.133421045932,3006.2005487696347,0.5207860942948228
2023-12-04,2843.491392173109,2671.4745427433736,3004.252321417387,0.5059237606176437
2023-12-05,2822.5814120606965,2647.3755441481326,2990.539359990373,-0.7353628771294529
2023-12-06,2802.3745308717644,2629.344412391501,2976.116311102695,-0.7159007390394323
2023-12-07,2790.9573817726186,2614.0149883181107,2964.789980662837,-0.4074098223977973
2023-12-08,2815.7355226663713,2630.0646236544235,2984.5091531902713,0.8878007616875738
2023-12-09,2794.0511010034493,2631.601057764918,2983.585973621659,-0.7701157118047752
2023-12-10,2808.6897958400536,2651.470361533084,2990.5503433261347,0.5239236616447984
2023-12-11,2822.965272791185,2644.8461388741584,3001.7463092893654,0.5082610750491101
2023-12-12,2801.982281826492,2617.4471368451827,2979.0493485322213,-0.7432961066483834
2023-12-13,2781.73655545031,2603.130589130746,2963.2510262157816,-0.7225501213014351
2023-12-14,2770.1629265055876,2587.448733102242,2944.492202467221,-0.4160576932436655
2023-12-15,2794.938571387711,2613.175884758602,2964.333269697637,0.8943750075154133
2023-12-16,2773.338600337864,2615.3151573585014,2950.3770594670223,-0.7728245361443564
2023-12-17,2788.291692467816,2623.1344292456515,2959.0516827215793,0.5391729710944926
2023-12-18,2803.100693253688,2613.3960253609466,2971.8293733353457,0.5311137577849623
2023-12-19,2782.8585273631593,2604.2310454711696,2957.279985634839,-0.7221348108987335
2023-12-20,2763.634517944674,2565.644350566793,2936.222865656124,-0.6908008161198409
2023-12-21,2753.3954149251635,2578.5321666544896,2925.5445007853036,-0.3704941066927092
2023-12-22,2779.8682538834623,2613.2180225096245,2961.456267721866,0.9614615763068102
2023-12-23,2760.229663928557,2588.228662037481,2934.6294397515953,-0.7064575786089988
2023-12-24,2777.5114256799275,2592.8037381106774,2952.947763953034,0.6260986894392584
2023-12-25,2794.958156969876,2616.908366121456,2970.2507174509365,0.6281425569897525
2023-12-26,2777.5972204254717,2609.7547335349527,2947.709562746237,-0.6211519303468305
2023-12-27,2761.5128481559505,2586.0399238907544,2946.021469009245,-0.5790750419550572
2023-12-28,2754.6416341028453,2581.458018370576,2941.0157422502357,-0.24882064400654214
2023-12-29,2784.6966911631575,2610.125807855185,2962.8536985440987,1.0910695855397945
2023-12-30,2768.692444154212,2580.9484194165316,2937.188294541586,-0.5747213712621879
2023-12-31,2789.7019162926713,2616.565348229207,2971.641898180524,0.7588228942805975
2024-01-01,2810.8532982987035,2651.314091593104,2988.4654225445693,0.7581950559843786
2024-01-02,2797.0555869413815,2640.4646927236327,2971.857734277633,-0.49087269569255687
2024-01-03,2784.3621447648566,2597.6575609365386,2965.0607883362177,-0.45381444100670576
2024-01-04,2780.642134302812,2610.6521018195426,2960.6105377554645,-0.13360368618137164
2024-01-05,2813.567257717788,2631.2187268071966,2985.1623642230134,1.1840834535592482
2024-01-06,2799.9730885464783,2619.0042477219604,2971.798481590347,-0.48316489090566295
2024-01-07,2822.9688784662408,2644.5228390144084,3000.211995850002,0.8212861049925246
2024-01-08,2845.573514941531,2683.820044133115,3018.0111003094166,0.8007398398090615
2024-01-09,2832.5970917662535,2642.172556540075,3012.5621084922645,-0.4560213646613187
2024-01-10,2820.0937911086003,2643.8769260907393,2994.925210631565,-0.4414076641537701
2024-01-11,2815.9088315942886,2643.733644890419,2998.5644313812686,-0.14839788405287546
2024-01-12,2847.7270539081983,2677.8820908877283,3022.0092120402037,1.1299450449855364
2024-01-13,2832.269761035324,2650.985087483685,3009.423691373476,-0.5427940452249813
2024-01-14,2852.755743930188,2668.708464548747,3027.505811390253,0.7233062039745608
2024-01-15,2872.175085104292,2697.7626979966312,3046.2259047188227,0.6807221829426613
2024-01-16,2855.3249137643234,2681.2787434124743,3031.6512177078343,-0.5866693652262778
2024-01-17,2838.3519289871174,2663.968065335905,3019.7139515010294,-0.5944326929445465
2024-01-18,2829.166133213394,2651.865734996173,3001.326594261069,-0.32363131858005323
2024-01-19,2855.55597251101,2663.0762740987566,3029.8941626594983,0.9327780008324238
2024-01-20,2834.215989181507,2658.367064887966,3000.6248352011203,-0.7473144821860345
2024-01-21,2848.5576529697414,2677.7803968102467,3035.216721296504,0.5060187312109443
2024-01-22,2861.618336064768,2675.694997183078,3036.759578200241,0.4585016238449757
2024-01-23,2838.2496165634143,2657.739475926667,3013.9537510684395,-0.8166260051817309
2024-01-24,2814.7437818982294,2640.9268001212517,2995.38842745137,-0.8281806691000648
2024-01-25,2799.125911984737,2623.846343556488,2965.9909153430713,-0.5548593805920099
2024-01-26,2819.321090278923,2635.47398677108,2982.620508525902,0.7214815956552156
2024-01-27,2792.0161445573954,2621.9667958812156,2974.58258295566,-0.9684936496121566
2024-01-28,2800.820626265077,2621.504654098479,2962.4309600472334,0.315344942572926
2024-01-29,2808.8098832019027,2621.496014235807,2990.901776086367,0.2852470044638178
2024-01-30,2780.86653182303,2607.1089030206135,2951.4592666006874,-0.994846662495319
2024-01-31,2753.3935958760153,2582.8713630955285,2927.706948451566,-0.9879271670404366
2024-02-01,2734.4789299874437,2564.991049443678,2898.8187625612354,-0.686958301817131
2024-02-02,2752.122426666064,2579.6255323552555,2911.4882968248994,0.6452233544436581
2024-02-03,2722.930997921091,2541.8646040630915,2903.2592425572175,-1.0606878699191968
2024-02-04,2730.6313600951366,2549.796837717093,2903.0491529970636,0.282796816369002
2024-02-05,2738.24906931193,2557.327889889068,2919.350732808561,0.2789724504053126
2024-02-06,2710.605189520686,2536.369510350865,2894.2678535593386,-1.009545848149973
2024-02-07,2684.118205069213,2510.661707059757,2856.032326165468,-0.9771612831655729
2024-02-08,2666.8429824155055,2490.62981693281,2846.9449356556347,-0.6436088627200465
2024-02-09,2686.7601753826107,2515.6762766198713,2864.2706819359355,0.7468453560421029
2024-02-10,2660.3066001063858,2496.1242801740714,2841.925668420402,-0.984590121537654
2024-02-11,2671.241874898192,2503.9390737037015,2845.0313329677447,0.41105317677927466
2024-02-12,2682.465314586645,2508.5682694660645,2851.344465806497,0.4201581217305961
2024-02-13,2658.669490517587,2493.555927224972,2841.4902640143077,-0.8870878568182028
2024-02-14,2636.2323719868077,2458.34214590189,2799.305762897957,-0.843922819696219
2024-02-15,2623.13200454516,2452.61865203851,2803.7211484457926,-0.4969352315393527
2024-02-16,2647.2989874400714,2470.969030561441,2814.8071227385303,0.9213025822961685
2024-02-17,2624.9827910099098,2452.8972898674824,2805.271348748089,-0.8429798272140521
2024-02-18,2639.972463886898,2476.9803685249703,2820.5076125000714,0.571038900838694
2024-02-19,2655.0512583329796,2482.3520904629872,2830.972224368886,0.5711724138168117
2024-02-20,2634.8066193234245,2450.4282176680126,2802.899511431192,-0.7624952228706183
2024-02-21,2615.6117707152234,2436.791903743654,2782.9225171107023,-0.7285107175391103
2024-02-22,2605.415026597173,2430.3579083722893,2770.973114646124,-0.38984165128077564
2024-02-23,2632.1539872670646,2452.6957729652745,2808.8407484611366,1.0262841196864603
2024-02-24,2611.9562113805496,2424.3353676456372,2788.4679975502604,-0.7673478065577055
2024-02-25,2628.7122105781655,2448.1216592693663,2804.393822469107,0.6415114895344853
2024-02-26,2645.165880163432,2459.5254045293336,2816.6884477488666,0.6259212978528383
2024-02-27,2625.8788958090126,2458.491624121796,2801.0676047294496,-0.7291408262542598
2024-02-28,2607.29967929082,2427.214481564083,2780.6632031697122,-0.7075427792136768
2024-02-29,2597.4252867244354,2410.0060076982572,2766.749833640258,-0.3787210440293731
2024-03-01,2624.275328465552,2446.2752146656876,2804.9696405603236,1.0337175771079288
2024-03-02,2603.925113019414,2425.4959242178866,2772.8954667306575,-0.7754603804486115
2024-03-03,2620.4292049893656,2444.6725442285183,2797.3951854279976,0.6338159222564643
2024-03-04,2636.546138528919,2470.9039137390987,2806.6200261495733,0.615049378508914
2024-03-05,2616.855937873816,2434.562941863349,2779.594018888447,-0.7468179815768194
2024-03-06,2597.9154483361026,2426.6885441072195,2774.6042122250933,-0.7237880107799244
2024-03-07,2587.7920804563496,2422.1291317329574,2768.6917514539264,-0.389672723422807
2024-03-08,2614.59704156373,2438.6924410715865,2784.597935889842,1.0358236007373955
2024-03-09,2594.350856142887,2425.3344045608774,2769.807989483596,-0.7743520358584166
2024-03-10,2611.2577080509263,2449.736884701259,2797.1670531940094,0.6516794699532369
2024-03-11,2628.0649652995803,2446.0407400155573,2798.6493005630455,0.643646055953595
2024-03-12,2609.3346440862397,2435.8032951171863,2791.247237672791,-0.7127038890077597
2024-03-13,2591.686191907824,2411.291055967499,2767.819564157867,-0.6763583282969776
2024-03-14,2583.2034109176434,2409.8752835988803,2776.199726466044,-0.3273074115480168
2024-03-15,2612.028524608234,2427.0191484551615,2789.5046649032147,1.1158669723322578
2024-03-16,2594.0617566544734,2430.9852562015653,2768.566851758778,-0.6878473104138583
2024-03-17,2613.5882529753053,2441.932857516555,2796.0315482434175,0.7527382981820319
2024-03-18,2633.2742793031803,2452.2098130861646,2814.1872738890042,0.7532183504981971
2024-03-19,2617.5945071089386,2438.07619759514,2792.1235895824366,-0.5954477403846803
2024-03-20,2603.16409524795,2422.2818187499124,2784.3770435393058,-0.5512852285484926
2024-03-21,2598.020559303369,2421.40762403301,2778.4001222162715,-0.19758784910912652
2024-03-22,2630.280315420217,2455.649928270254,2805.025369879548,1.241705189796427
2024-03-23,2615.673793439959,2438.9048965916963,2776.655010877915,-0.5553218755668832
2024-03-24,2638.526211670228,2451.7867825981125,2808.796155220567,0.8736723320615258
2024-03-25,2661.391486040865,2505.4796179765212,2842.5100369512047,0.8665926557600123
2024-03-26,2648.636117940703,2466.4849852084276,2813.6223068329327,-0.47927440089383655
2024-03-27,2636.861077876408,2453.383858637122,2806.5323013251614,-0.44456994241436343
2024-03-28,2634.0588373637356,2472.9551959467935,2809.040598003202,-0.1062718296456211
2024-03-29,2668.332316727599,2490.006355105574,2839.384371839753,1.3011660513310819
2024-03-30,2655.2651743270458,2481.4886985903436,2823.7924571871404,-0.4897119567392805
2024-03-31,2679.255802901,2511.5608387752454,2861.404294905004,0.9035115891969037
2024-04-01,2702.7880652906715,2516.7349687581827,2878.9894075406173,0.8783133870305049
2024-04-02,2690.1706707072294,2507.0436643550142,2859.460443541156,-0.46682885519124806
2024-04-03,2678.047549540985,2508.273663097438,2843.080982786062,-0.4506450575144094
2024-04-04,2674.4285754114794,2500.450104405288,2860.0671079643735,-0.13513479736855238
2024-04-05,2707.469322652198,2527.371964417683,2891.762613642823,1.2354320300228983
2024-04-06,2692.674857794034,2511.5686554770505,2869.7843294401723,-0.5464314861995168
2024-04-07,2714.585248008064,2527.132561644986,2890.8703321950943,0.8137035242338886
2024-04-08,2735.681422571021,2562.110619617646,2914.6639770559505,0.7771417227893984
2024-04-09,2720.2783888897993,2542.681853455657,2894.085144533053,-0.5630419373446549
2024-04-10,2705.1225438045926,2521.790391382948,2876.124153129747,-0.557143163990359
2024-04-11,2698.294663397437,2514.7037743176174,2870.4196001770183,-0.25240558594260554
2024-04-12,2728.0492152238958,2542.527893175375,2900.7749087446805,1.1027169208048804
2024-04-13,2709.8505943326827,2537.029259870599,2885.5423904935387,-0.6670928365095308
2024-04-14,2728.4093077701714,2559.3188758784877,2906.785541220184,0.684861131322223
2024-04-15,2746.222365895909,2575.9867015219697,2922.389299805644,0.652873382120811
2024-04-16,2727.6199943611673,2563.343635554163,2904.6095931386653,-0.6773803813469814
2024-04-17,2709.4497950079913,2536.962111500597,2884.9126665852973,-0.6661558204859697
2024-04-18,2699.852172863896,2520.960909406485,2872.0054680555254,-0.3542277167038921
2024-04-19,2727.159619862866,2538.072460243129,2914.87482786048,1.0114423031540642
2024-04-20,2706.766045568188,2525.094884712426,2876.6345419891572,-0.7477954039119772
2024-04-21,2723.5145010379274,2546.10611983176,2907.4529102181564,0.6187625819069842
2024-04-22,2739.8731511093615,2571.054303142871,2918.5201495232564,0.6006448676957543
2024-04-23,2720.1366913709244,2551.280061795472,2906.039590016573,-0.7203420979707054
2024-04-24,2701.198692474641,2528.7205235585275,2866.9040035224607,-0.6962149717093302
2024-04-25,2691.2008864041713,2518.9342072158133,2873.3455398102537,-0.37012479305291723
2024-04-26,2718.493894765728,2545.4745826079998,2905.882384388859,1.0141572299355195
2024-04-27,2698.3411396963443,2532.992227755481,2889.1203334769357,-0.7413205932956579
2024-04-28,2715.6595670187644,2543.799788871275,2881.9929010518517,0.6418175621919042
2024-04-29,2732.832597223324,2550.4627298153414,2898.1492501300568,0.6323705081860309
2024-04-30,2714.067548621547,2520.9462552021596,2899.9267695682356,-0.6866519603448418
2024-05-01,2696.2573385306123,2497.385532876832,2883.3103936796433,-0.6562183796781418
2024-05-02,2687.5046472811,2512.370188393137,2863.0589751743105,-0.32462373396013877
2024-05-03,2716.144931847915,2534.9414195872037,2900.3383598395735,1.065683164335729
2024-05-04,2697.285562393295,2522.5942737102446,2873.261906645301,-0.6943432669400673
2024-05-05,2715.8999826488175,2529.485219817188,2874.2545628239463,0.6901167794412411
2024-05-06,2734.2778634890124,2545.623517142517,2899.254986528411,0.6766773797859393
2024-05-07,2716.538541293535,2542.8121561019307,2890.919130701787,-0.6487754018108971
2024-05-08,2699.581874956253,2524.3199881962896,2880.9853879820225,-0.6242012060394986
2024-05-09,2691.4868866768234,2507.3369064139765,2871.652573624854,-0.29986081750386084
2024-05-10,2720.5964752219247,2544.890017347897,2902.452202301885,1.0815430195553644
2024-05-11,2701.891027272285,2531.922642378305,2892.546466833134,-0.6875495179090696
2024-05-12,2720.4351225748405,2542.2570927831744,2898.7538083930126,0.6863376470544358
2024-05-13,2738.4638826697083,2564.9304616901854,2905.603263611501,0.6627160466081472
2024-05-14,2720.051331051914,2541.796923550724,2919.2233370768367,-0.6723678823853607
2024-05-15,2702.149257185837,2532.5818813592964,2887.906626140086,-0.6581520599154955
2024-05-16,2692.8591610887484,2523.0304159852935,2860.829563881619,-0.34380395799319396
2024-05-17,2720.577500148389,2531.208453374316,2894.761234947967,1.0293274694854082
2024-05-18,2700.2026462029035,2514.4184515441343,2876.1049375205416,-0.7489165055718616
2024-05-19,2716.933071715908,2555.5341121614188,2884.5548068247217,0.6195988859033053
2024-05-20,2732.98892110594,2567.226298901877,2910.7536154919635,0.5909549100483247
2024-05-21,2712.4344337773946,2529.1025666113496,2880.3752841688793,-0.7520882053275058
2024-05-22,2692.3040894068604,2521.583205953883,2864.0693070314546,-0.7421504505272125
2024-05-23,2680.74727818156,2491.96050161438,2843.753207924295,-0.42925356280413274
2024-05-24,2706.23366146192,2541.308929323238,2872.866493187622,0.9507193567924954
2024-05-25,2683.593219235734,2508.5251774473013,2862.7355922015427,-0.8366033779195314
2024-05-26,2698.1658277530255,2522.586386663901,2885.052175368315,0.5430259851916697
2024-05-27,2712.158126346922,2544.2589417457134,2889.7454112782357,0.5185855683877305
2024-05-28,2689.6202318570845,2517.238975222075,2869.4798689625595,-0.8309948550158652
2024-05-29,2667.659536751845,2504.805642993097,2837.097539252353,-0.8164979890144752
2024-05-30,2654.4586056464686,2470.5066609754813,2837.3609725641777,-0.4948506705413247
2024-05-31,2678.5412608776164,2517.2030028666472,2852.692898607676,0.9072529961446696
2024-06-01,2654.6464213131817,2475.0980971631507,2831.448164307395,-0.8920840575965427
2024-06-02,2668.229839903371,2499.796244109791,2838.026639713503,0.5116846628286709
2024-06-03,2681.4570782930277,2512.596587382509,2865.659439616914,0.4957308471647881
2024-06-04,2658.3353444124655,2488.600797217948,2836.4849397068538,-0.8622824533623064
2024-06-05,2636.0157712513806,2463.9376355085155,2819.384876899875,-0.8396071326365329
2024-06-06,2622.685339888273,2448.7449828624685,2792.0383909218995,-0.5057037787288832
2024-06-07,2646.8944412757032,2480.5786274541056,2823.8852226845183,0.9230654176936692
2024-06-08,2623.26518913829,2444.941343254085,2806.8392767695864,-0.8927160739369944
2024-06-09,2637.345914568896,2461.4235471258708,2799.9480697168465,0.5367633241544878
2024-06-10,2651.2407458631365,2480.7775680920777,2820.8037884414857,0.5268490271785886
2024-06-11,2628.896956182081,2458.298272301015,2809.6310360052225,-0.842767286068602
2024-06-12,2607.4959920096417,2429.547263348676,2785.4341047007756,-0.8140662996361625
2024-06-13,2595.2195701056567,2417.7485618493142,2782.9684266518175,-0.4708126854884753
2024-06-14,2620.6387411556398,2437.173813885081,2796.5581847022036,0.9794612888553544
2024-06-15,2598.2565840315106,2417.5110024504183,2773.943271714372,-0.854072588206467
2024-06-16,2613.7152530379526,2435.9744571210804,2784.2345241368116,0.5949631418793899
2024-06-17,2629.0618566694043,2446.2894407388003,2813.3399934432514,0.587156677209344
2024-06-18,2608.1909195967146,2431.697929669338,2784.376140187448,-0.7938549266060191
2024-06-19,2588.323690353567,2407.964098395676,2751.96358586677,-0.7617245000691608
2024-06-20,2577.647883582097,2395.184330837216,2738.51363073971,-0.41246026574101036
2024-06-21,2604.767676554589,2422.70640925781,2776.9306930530256,1.0521139502888133
2024-06-22,2584.080194007155,2409.3740331461,2777.2323416859895,-0.7942160344525551
2024-06-23,2601.33451420307,2406.5682728962424,2773.9537426349016,0.6677161272289345
2024-06-24,2618.5332681522086,2449.520291240082,2794.4758247964846,0.6611511843338524
2024-06-25,2599.5296703971853,2423.043810976296,2780.4354226227306,-0.7257344401980226
2024-06-26,2581.5946095608706,2412.829313390172,2749.45183729451,-0.6899348386192661
2024-06-27,2572.9296031344375,2410.4209485903207,2753.0026088363343,-0.3356455112798362
2024-06-28,2602.1773700638155,2439.8319774130787,2771.977653139121,1.1367495983468645
2024-06-29,2583.6318351816453,2405.762033583266,2749.1027606382295,-0.7126929584248654
2024-06-30,2603.1489161755117,2431.116288255746,2789.6841550857075,0.7554126221894109
2024-07-01,2622.3017008986267,2441.184170231857,2803.473167684191,0.735754478128503
2024-07-02,2605.2832334399955,2420.5973347177955,2788.7179625734298,-0.648989681576273
2024-07-03,2589.4048552586505,2413.6905318801187,2760.349354376634,-0.609468405489999
2024-07-04,2582.8653476202917,2416.6464154674527,2757.856846576638,-0.25254867446000695
2024-07-05,2614.307486710989,2436.8007413509836,2776.581104918454,1.217335588929025
2024-07-06,2597.9649233863256,2430.4913411549655,2778.8315787858455,-0.6251201669174589
2024-07-07,2619.7168223629064,2433.7065584603374,2783.2583848340555,0.8372668460907562
2024-07-08,2641.480722054533,2468.5279488310143,2816.9213637982543,0.8307729868297864
2024-07-09,2627.0445844553315,2446.808157988534,2803.3255257062247,-0.546516863767732
2024-07-10,2613.7045348244483,2433.2284794763214,2796.7091419010435,-0.5077968493499729
2024-07-11,2609.6361425851924,2445.89184967002,2787.4855457704857,-0.15565616484378708
2024-07-12,2643.461875296441,2456.948547850991,2832.175824806428,1.2961857846488734
2024-07-13,2629.3699335769998,2440.252857667851,2798.9653656914074,-0.5330866259556366
2024-07-14,2653.2299147697013,2480.5962693955294,2820.31962147152,0.9074410142144718
2024-07-15,2676.9237134742534,2499.1402455879697,2846.631615926169,0.8930171702292489
2024-07-16,2664.204769397325,2490.684341389693,2840.1156154504743,-0.47513285540816685
2024-07-17,2652.3515494788676,2476.851074092106,2818.007388472194,-0.4449064897192101
2024-07-18,2649.517713811764,2495.097098109451,2840.13485790923,-0.10684238549223402
2024-07-19,2684.3106227065023,2511.054078723693,2857.7723760310732,1.3131789500166358
2024-07-20,2670.8821900730704,2488.58603361709,2842.576443330701,-0.5002562862822635
2024-07-21,2695.105542019829,2511.8673313472045,2864.7134362021293,0.9069419848164895
2024-07-22,2718.8438360965433,2535.3517260433878,2883.9065359520037,0.8807927447221253
2024-07-23,2705.836495200093,2538.5755787971057,2875.651153970599,-0.47841441732545675
2024-07-24,2693.3681348926075,2527.0142400065556,2861.718224657289,-0.46079503804472566
2024-07-25,2689.597238209791,2517.2094667201086,2872.4835948418568,-0.14000673112465334
2024-07-26,2723.145268959785,2549.1898556942947,2903.014616711893,1.247325446107439
2024-07-27,2708.1590355751077,2524.5571107676196,2877.357918973365,-0.5503280913985886
2024-07-28,2730.5477863286465,2535.8118333195994,2910.9496099897724,0.8267147704190903
2024-07-29,2752.189350353552,2580.277864824778,2930.650079394007,0.7925722499075416
2024-07-30,2736.8427344156507,2559.369450834791,2913.1108459374013,-0.5576148289335503
2024-07-31,2721.8318586821433,2539.833814744654,2889.0856199984173,-0.5484741795626968
2024-08-01,2715.352102917444,2546.5203689875634,2899.260974056386,-0.23806598280603497
2024-08-02,2746.069400350974,2570.928576517099,2917.9522445614607,1.1312454617037115
2024-08-03,2728.153510330537,2555.363453779288,2890.8980992650836,-0.652419418757122
2024-08-04,2747.574983989441,2570.217616720171,2920.561092028443,0.7118907929983376
2024-08-05,2766.2481070232247,2585.5810011185404,2929.7610108211975,0.6796219627342337
2024-08-06,2747.9693950750607,2574.5425572685194,2929.114432203304,-0.6607763020878843
2024-08-07,2730.115737924254,2558.2740154216035,2910.6254991573305,-0.6497036387233424
2024-08-08,2720.928488448083,2543.080879586278,2887.840715045764,-0.3365150183397114
2024-08-09,2749.122285684558,2574.4083230964793,2925.8526237151864,1.0361829557878455
2024-08-10,2728.889066611748,2549.9217057302662,2910.6491527617636,-0.735988325370962
2024-08-11,2745.9824272212236,2568.7690540965978,2911.948554221989,0.6263853235594752
2024-08-12,2762.6112019348166,2587.44228947613,2942.00084140148,0.6055674118213616
2024-08-13,2742.604352127153,2568.4051051143356,2926.2223968718645,-0.7242007052476795
2024-08-14,2723.367000638578,2549.733260803379,2907.665252252622,-0.7014264187853003
2024-08-15,2713.1567756487957,2537.4635574670774,2871.2486713720446,-0.37491182743228935
2024-08-16,2740.687627524543,2560.3685680857475,2908.4478065269136,1.0147165885452392
2024-08-17,2720.18857363366,2538.585057982016,2900.11344241319,-0.7479529474651803
2024-08-18,2737.6502829733786,2573.7830175092436,2906.0431934135263,0.6419301039998437
2024-08-19,2755.021124271942,2579.488638699707,2928.771156648192,0.6345164466988296
2024-08-20,2736.1348270218286,2551.4932392755045,2901.605504322039,-0.6855227745342418
2024-08-21,2718.3592691344384,2533.3954379878505,2886.2564858505143,-0.6496594287620727
2024-08-22,2709.9226359196387,2519.954964433563,2885.838761944107,-0.31035754951869166
2024-08-23,2739.493567148359,2571.5088954639546,2928.6012457272373,1.091209425566686
2024-08-24,2721.305516162062,2548.738125279225,2902.368119674162,-0.6639201932943317
2024-08-25,2741.2655083027184,2578.1307275474164,2924.913382182275,0.7334711968984164
2024-08-26,2761.2937391432815,2581.858653324932,2948.9146680056965,0.7306198826746879
2024-08-27,2745.191074133607,2565.4109148263587,2920.101277044907,-0.5831565393209726
2024-08-28,2730.2539702690005,2566.614626124669,2890.4687652041357,-0.5441189141750513
2024-08-29,2724.6511029447292,2553.5143798967347,2903.781357998836,-0.20521414437204566
2024-08-30,2756.9804478971273,2576.7171307666435,2940.612337178534,1.1865499005526692
2024-08-31,2741.4598004712725,2575.909217997436,2905.3523728393625,-0.5629581971715814
2024-09-01,2763.8981846169177,2584.571760018888,2939.6093464511328,0.8184830629939466
2024-09-02,2786.179399187636,2617.788365585823,2955.4656770699517,0.8061517857180567
2024-09-03,2772.0696663124872,2608.929398578712,2941.832398121222,-0.5064186778232171
2024-09-04,2758.798901261663,2577.0226655440583,2941.2998708369378,-0.4787312964063206
2024-09-05,2754.4879183972207,2572.34640607758,2938.156972142784,-0.15626303397724417
2024-09-06,2787.6824504849515,2600.6464614306706,2959.217292044744,1.205107194917221
2024-09-07,2772.609717534573,2595.8284277768826,2956.44501591824,-0.5406904558930781
2024-09-08,2795.0122599660776,2614.78131732315,2966.0131483666955,0.8079948032291062
2024-09-09,2816.7750897980336,2639.4430804611047,2998.473199475641,0.7786309256553992
2024-09-10,2801.6730287117007,2636.8580512168073,2982.7435838671613,-0.5361472110794518
2024-09-11,2786.9177541934696,2597.662286483807,2970.617302678142,-0.5266594055415519
2024-09-12,2780.6349048438656,2605.034615391119,2959.245825448769,-0.22544078813054869
2024-09-13,2811.374256756096,2639.2853677541607,2993.1031570234204,1.1054796103826092
2024-09-14,2793.4314704909557,2611.986723824325,2964.4124377307485,-0.638221191007271
2024-09-15,2812.5433974311577,2638.444535953203,2992.3668811582506,0.6841738249924845
2024-09-16,2830.6578189930588,2658.5035006369185,3003.5589526870376,0.6440583842526992
2024-09-17,2811.6194072440408,2626.31905843772,2985.161306681129,-0.6725790599370507
2024-09-18,2792.681447268414,2612.7935945242943,2982.2124911688406,-0.6735605796016952
2024-09-19,2782.031727753136,2620.4375356038804,2954.0168779164774,-0.3813438702683025
2024-09-20,2808.2777664292657,2631.197635664961,2985.526830193542,0.9434126294931566
2024-09-21,2785.8326542518334,2615.677746361058,2962.4924068602595,-0.7992482953697033
2024-09-22,2800.4708012790006,2618.382091223233,2987.8023767453055,0.5254496175434609
2024-09-23,2814.2393055876123,2635.9572833435604,2997.367761815488,0.4916496291381911
2024-09-24,2791.081661748355,2623.718056560519,2968.2999513789996,-0.8228740105106991
2024-09-25,2768.3134014199113,2600.9307620601107,2946.8779856603032,-0.8157504182153441
2024-09-26,2754.196140847939,2577.7660227303695,2935.1436421348844,-0.5099589000555738
2024-09-27,2777.397374813016,2601.920507076829,2955.8743071047356,0.8423958490455963
2024-09-28,2752.44010080699,2568.4543746257727,2925.4714461587814,-0.8985849209894314
2024-09-29,2765.11886375308,2596.1370702976897,2946.3460693619672,0.46063719760414124
2024-09-30,2777.5527893907115,2606.1328944380543,2945.2932395456883,0.44967056572589037
2024-10-01,2753.7472795376643,2574.05685051141,2921.3467750140135,-0.8570677736162602
2024-10-02,2731.0339915035956,2551.1826771146193,2900.3985693998625,-0.8248138165344643
2024-10-03,2717.6936557214976,2543.1169834209,2883.725569449639,-0.488471978876881
2024-10-04,2742.391234556602,2567.634364454398,2928.459093646375,0.9087697865838962
2024-10-05,2719.6902961729306,2537.611364107873,2903.301281004974,-0.8277789870977936
2024-10-06,2735.3304851551075,2560.9671065706884,2910.37655589474,0.5750724265989104
2024-10-07,2751.423493472466,2587.6216003200557,2918.9651461185863,0.588338718290049
2024-10-08,2731.954126376089,2555.882399012367,2903.3040360272626,-0.7076107019717837
2024-10-09,2714.1861032490533,2543.321319832594,2904.3972259579114,-0.6503777993741355
2024-10-10,2706.335192189999,2536.9431472960896,2879.557420228616,-0.28925470695086997
2024-10-11,2736.9813157112158,2563.236833364974,2906.961305944846,1.1323846214488231
2024-10-12,2720.6492595452087,2544.37312867587,2894.181451642248,-0.5967178537995665
2024-10-13,2742.94912465493,2585.7629869454736,2916.2185024570695,0.8196523323057425
2024-10-14,2765.916728236575,2593.0149631683607,2943.0151081718136,0.8373324672777072
2024-10-15,2753.455436894185,2591.411590586667,2939.1884166170344,-0.45053024247534434
2024-10-16,2742.709058218704,2565.1967856099855,2923.5034051734146,-0.3902870019789617
2024-10-17,2741.7864047485295,2567.9251711465695,2929.524124944193,-0.033640223975250905
2024-10-18,2779.1512753453326,2601.1516786908346,2955.406744677352,1.362792905096133
2024-10-19,2769.2702207968628,2600.012148834931,2951.3080705305188,-0.3555421626785016
2024-10-20,2797.6164729193442,2612.7975474132763,2972.2242626496627,1.0236000773635068
2024-10-21,2826.1550305850024,2653.678187410635,2996.7921836061378,1.0201025745275816
2024-10-22,2818.725264972699,2652.399394140055,2984.033576314134,-0.2628930660879436
2024-10-23,2812.380652469036,2643.7191280410807,2974.080595436993,-0.22508800635895332
2024-10-24,2815.1642660312523,2632.090678568804,2994.222395055316,0.09897712671904646
2024-10-25,2855.4758851043002,2682.543903838061,3037.082806972662,1.4319455372271417
2024-10-26,2847.785838815432,2663.0312446590056,3033.3623657389817,-0.26930874566245544
2024-10-27,2877.5012195113345,2700.103847191543,3045.316177322624,1.0434555959539127
2024-10-28,2906.5942714845787,2743.420600927114,3095.2943214131574,1.011052637474985
2024-10-29,2898.9242248126134,2723.0931424198156,3066.7065375716998,-0.26388432493702485
2024-10-30,2891.54219754311,2729.1107992762454,3066.881325336706,-0.2546471275902573
2024-10-31,2892.5158499081617,2705.76992630479,3064.8128462033533,0.03367242455873942
2024-11-01,2930.271804352744,2757.4595056042645,3122.161886913328,1.3052981004678221
2024-11-02,2919.373734275751,2732.9103275710577,3099.6402248020017,-0.37191328329353457
2024-11-03,2945.249057937883,2768.8792200304565,3113.588491238266,0.8863313168278486
2024-11-04,2969.958893810212,2796.012541670739,3149.668726627509,0.8389727111780987
2024-11-05,2957.4574955583826,2778.635957456458,3135.1630375789405,-0.4209283259065999
2024-11-06,2944.8608417698865,2766.6545467725755,3114.112788287147,-0.42592848104880954
2024-11-07,2940.3191515307813,2763.0195706852805,3118.281379533027,-0.15422427351017287
2024-11-08,2972.333523707418,2792.198611352794,3156.1247000001144,1.0888060284193868
2024-11-09,2955.59741687661,2782.70348099413,3139.9031837309903,-0.5630628829947915
2024-11-10,2975.5832248314505,2798.479018274153,3165.0379177223585,0.6762019698867139
2024-11-11,2994.4534715377854,2818.685986334898,3177.7418348005504,0.6341696830678867
2024-11-12,2976.2577976097173,2806.91812787705,3149.7993359364564,-0.6076459060398665
2024-11-13,2958.1654672934224,2792.6476056363003,3122.8813377895744,-0.6078885481904495
2024-11-14,2948.386248464588,2778.6320349018374,3120.0829097923233,-0.3305839019810519
2024-11-15,2975.462035006719,2806.7570829197534,3155.314295097626,0.9183256283409547
2024-11-16,2954.172723499891,2785.676800205417,3127.8089060736306,-0.715495988735737
2024-11-17,2969.9838930741266,2791.0377460992477,3139.8480053467174,0.5352147979859279
2024-11-18,2985.1006485233897,2809.8742985130507,3153.6725415496326,0.5089844252864406
2024-11-19,2963.603718360541,2789.36024282475,3139.1109761397815,-0.7201408828034883
2024-11-20,2942.647551172801,2767.9235009811528,3120.6631634173746,-0.7071177248803351
2024-11-21,2930.431302322906,2750.6524253665584,3101.8101952108004,-0.4151448189921969
2024-11-22,2955.4672080560267,2778.0764682779,3133.36430876676,0.8543420114736966
2024-11-23,2932.552609361055,2764.711582786154,3109.1474842969856,-0.7753291470299795
2024-11-24,2947.0804241776154,2766.927601602848,3115.181067669144,0.49539826737245996
2024-11-25,2961.237221592349,2776.5255556919183,3141.511895446452,0.48036685047996297
2024-11-26,2939.079869263477,2767.195641208467,3118.9578189668987,-0.7482464480490836
2024-11-27,2917.7004754229893,2726.220659225884,3090.7534782148587,-0.7274179264085578
2024-11-28,2905.2485252875413,2735.3931995149774,3087.9351443294076,-0.42677273559558193
2024-11-29,2930.17681036144,2752.5021237181404,3099.012927242069,0.8580431194412652
2024-11-30,2907.2801433185273,2725.3158295375765,3077.9528997083275,-0.7814090590693157
2024-12-01,2921.8688934621014,2754.8695610393447,3107.4238408792153,0.5018006323574298
2024-12-02,2936.111283757537,2759.7616896046575,3107.6959259609016,0.48744111439442683
2024-12-03,2914.050301373931,2739.672209950075,3085.574764491925,-0.7513673785338737
2024-12-04,2892.7349295544627,2720.350147502223,3059.4794963761456,-0.7314689046176825
2024-12-05,2880.2926240736742,2702.0134817982853,3056.1868070939936,-0.4301225581946011
2024-12-06,2905.1517566163893,2726.7922012770296,3075.212652247471,0.8630766309971616
2024-12-07,2882.145776757902,2708.1192558992557,3050.8562911880626,-0.7919028603615041
2024-12-08,2896.5483981209063,2707.4242345514035,3060.081441961509,0.4997186984485591
2024-12-09,2910.558575846546,2744.108832845668,3092.6639385109406,0.48368526259490174
2024-12-10,2888.256050438036,2722.3502421432217,3067.0626197405954,-0.7662627233682606
2024-12-11,2866.697197210822,2685.9789377038173,3028.889250407287,-0.7464315092127638
2024-12-12,2854.036174316811,2676.574831327576,3019.236429070502,-0.44165888557500255
2024-12-13,2878.722261920229,2688.5168970930936,3044.0129238757386,0.8649535638533878
2024-12-14,2855.667948471386,2676.927784011239,3033.2406139692207,-0.8008523001265422
2024-12-15,2870.1443831495703,2693.529331168458,3033.042046598003,0.5069369037087545
2024-12-16,2884.4078271815897,2704.2773644502527,3062.621648959299,0.4969591117352623
2024-12-17,2862.5928370487313,2685.802094329159,3030.82991471562,-0.7563074100438216
2024-12-18,2841.7719795238436,2680.460881203937,3013.6124644071997,-0.7273426124531746
2024-12-19,2830.1251641302733,2649.013215299782,3008.827665650723,-0.40984341732871465
2024-12-20,2856.111671737055,2668.5381846813434,3027.4156994858863,0.9182105419273112
2024-12-21,2834.7022478860868,2651.463311239816,3010.12561553267,-0.7496003767229253
2024-12-22,2851.1351940210634,2679.984446001577,3016.386520901395,0.5797062512378881
2024-12-23,2867.6849476353173,2689.2587045272203,3043.8720386618297,0.5804619033485059
2024-12-24,2848.4938273296425,2667.6585761677434,3029.69146315044,-0.6692199685847555
2024-12-25,2830.5967810657294,2659.49278120409,3005.8403906547805,-0.6282985798389817
2024-12-26,2822.140286642309,2634.8167175706835,2998.917668948397,-0.2987530573053343
2024-12-27,2851.530633931518,2684.0183653105014,3040.700819192766,1.0414204931030069
2024-12-28,2833.7317296063243,2649.223353098134,3010.311246817231,-0.6241877296844445
2024-12-29,2853.883626933991,2668.9181670576195,3016.3917586021926,0.7111434408953787
2024-12-30,2874.2150822615977,2698.773891045238,3046.959674109586,0.7124136084500909
2024-12-31,2858.8157076958746,2681.121213648117,3028.6141839178954,-0.5357766946795794
2025-01-01,2844.6275466856255,2677.3688060056274,3027.5181542838613,-0.4962950557482526
2025-01-02,2839.7152359085085,2654.5678167861524,3010.663248075983,-0.17268730955096734
2025-01-03,2872.3920869486715,2703.51709260896,3059.7973878430303,1.150708726951244
2025-01-04,2857.5849571929166,2669.2959398542416,3043.061385230344,-0.5154982087241633
2025-01-05,2880.316343113352,2702.3540496668106,3054.6377078709434,0.7954754193123081
2025-01-06,2902.7617750447066,2731.8829024979505,3086.6344143290867,0.7792696793538001
2025-01-07,2888.962949954598,2699.2850927163754,3065.078461225439,-0.475368843862356
2025-01-08,2875.7863981833652,2686.9218350739,3062.7849632852567,-0.45609971465504495
2025-01-09,2871.24485069711,2696.2801233936625,3051.5594593306237,-0.1579236722561883
2025-01-10,2903.60074134843,2730.5122057372387,3079.899809372478,1.1268941638141516
2025-01-11,2887.7974477335356,2708.2653531196656,3074.5326793071235,-0.544265380217368
2025-01-12,2908.8039482260733,2738.83573378613,3075.389548796266,0.7274229191186699
2025-01-13,2928.8157736221756,2762.646536635591,3109.2996299650717,0.6879743617065115
2025-01-14,2911.9075862653426,2735.731667167735,3093.813131870504,-0.5773045716672698
2025-01-15,2894.9571880665794,2714.8384484932412,3064.7430663212526,-0.5821063236592261
2025-01-16,2886.0161691909484,2703.268492378846,3065.6644679834912,-0.30884805179458574
2025-01-17,2913.3887798280425,2734.6585639444447,3083.0482180491945,0.9484565931856093
2025-01-18,2892.1274133802244,2709.975239168993,3068.8364183867166,-0.7297812978147356
2025-01-19,2907.237675985623,2727.121444421591,3084.6150065114593,0.5224618575064177
2025-01-20,2921.0207740725477,2752.602196016522,3100.4767638314775,0.47409601907597576
2025-01-21,2897.663502704117,2728.672822992875,3077.0947385032136,-0.7996270199703392
2025-01-22,2874.1256933113073,2689.0699172114164,3063.938724207231,-0.8123030631694839
2025-01-23,2858.558426408858,2673.803327296543,3036.4288467609017,-0.5416348679070482
2025-01-24,2879.3567838225267,2705.191506399886,3060.03470711559,0.7275820295125968
2025-01-25,2851.718352121757,2677.984995773558,3022.1945792506604,-0.9598821464590346
2025-01-26,2860.7077815335297,2694.7606587045807,3028.6474652284414,0.31522851494376614
2025-01-27,2868.74000986991,2694.737115580772,3047.912747010743,0.2807776588797273
2025-01-28,2840.107400595704,2664.599405783809,3009.729296687684,-0.998090073540836
2025-01-29,2811.8307187320866,2644.212585799872,2986.4803720577265,-0.9956201606209136
2025-01-30,2792.125343148255,2609.7831715141324,2967.3197793898203,-0.7008023439162403
2025-01-31,2809.428672236527,2626.0390580736434,2975.689256782638,0.6197189223876798
2025-02-01,2779.022739815949,2603.1446974667087,2964.626830766757,-1.0822817009400132
2025-02-02,2785.9596485935276,2612.0009385112944,2976.7607712335744,0.24961684113595783
2025-02-03,2792.6872748008236,2610.6594605918262,2958.7222828865774,0.2414832609184625
2025-02-04,2763.5154191640872,2590.627535054952,2946.3099191920173,-1.0445801039007163
2025-02-05,2735.432347106995,2560.1989655992097,2918.385227943879,-1.0162082636610226
2025-02-06,2716.62115942527,2531.1713235687025,2899.23196848652,-0.687686087415762
2025-02-07,2735.4640795154937,2564.993019779786,2906.9385689017336,0.693616039352718
2025-02-08,2707.231424063204,2524.3391542065833,2864.420183849284,-1.032097466156101
2025-02-09,2716.8701121561594,2545.428775261212,2891.951793465247,0.35603487781952214
2025-02-10,2726.7739562189304,2555.975630274549,2904.590814660365,0.3645313781640791
2025-02-11,2701.190784149503,2535.906573577744,2872.2802613517406,-0.9382212269953616
2025-02-12,2677.0063067759083,2502.7242516893666,2839.9798172288274,-0.8953265173089031
2025-02-13,2662.312171611017,2494.6317362181644,2842.1081163823624,-0.5489017761257431
2025-02-14,2685.388381281514,2508.1853272554135,2858.930744376582,0.8667732475764689
2025-02-15,2661.459563852936,2491.978741425993,2825.3099257009335,-0.8910747359813453
2025-02-16,2675.3471757357684,2491.739299553495,2849.1713280482863,0.5218043539511052
2025-02-17,2689.38465677919,2508.05578046327,2859.7932129543556,0.5246975484428873
2025-02-18,2667.765456264996,2502.498066953344,2844.3249755680117,-0.803871638803999
2025-02-19,2647.2938190208183,2476.6845847960776,2822.121797797388,-0.7673702047570119
2025-02-20,2636.0037848975494,2466.310358319822,2803.0765913372184,-0.4264745394768843
2025-02-21,2662.1186930872636,2490.9029374992288,2825.3034010602055,0.9907007091315423
2025-02-22,2640.8734273549208,2449.9891280745505,2811.5082255717125,-0.7980585459059553
2025-02-23,2657.028744062092,2481.5737907217617,2825.6466804747984,0.6117414238724805
2025-02-24,2672.929520285691,2501.7054598172404,2837.6899602821813,0.5984420100510368
2025-02-25,2652.791756463574,2468.9258819850543,2844.2792210959738,-0.7533967382710727
2025-02-26,2633.418247964628,2455.3531412763596,2814.262155629767,-0.7303064197083042
2025-02-27,2622.866443547654,2448.3801826955028,2794.96813438982,-0.4006885129291371
2025-02-28,2649.3829487492994,2481.4163448044033,2827.021122268082,1.0109742822352663
2025-03-01,2628.289712211228,2455.8212436216922,2796.49156454763,-0.7961565747990007
2025-03-02,2644.358549366461,2479.305894402715,2827.9684475714816,0.6113799814600362
2025-03-03,2660.0107067656418,2487.7219623794954,2837.990608954303,0.5919075309560817
2025-03-04,2639.541261197628,2464.3827255584397,2813.669914531111,-0.7695249314579988
2025-03-05,2619.798331779464,2438.5981024830776,2800.018677380966,-0.7479682060058446
2025-03-06,2608.8987199458134,2442.854234245915,2789.531433905361,-0.41604774311950754
2025-03-07,2635.136627036341,2455.922824484759,2809.9926488850197,1.0057081514867061
2025-03-08,2613.9333067787743,2443.045366450936,2792.0847246865364,-0.8046383644787825
2025-03-09,2630.071628837935,2454.991348191426,2802.1803234863023,0.6173960910673904
2025-03-10,2646.0371235849548,2462.598603057623,2813.1834916278253,0.6070364993851607
2025-03-11,2626.1802545823903,2449.4241577545226,2804.3358228682573,-0.7504380352631457
2025-03-12,2607.3599453402044,2427.3405791042874,2772.37008459018,-0.716641944487495
2025-03-13,2597.70804928952,2437.1550003801426,2782.708162258322,-0.3701788879565182
2025-03-14,2625.513574487573,2445.7947415411018,2793.728634159099,1.0703868437277775
2025-03-15,2606.237303737818,2436.6010095624447,2780.2019243162476,-0.7341904813239153
2025-03-16,2624.60806706928,2433.2905846964195,2798.810739149474,0.7048768469822386
2025-03-17,2643.1070586681367,2461.306531431905,2827.969448340711,0.7048287258948127
2025-03-18,2626.0698494000367,2448.913351769633,2803.0476664363377,-0.6445902072799492
2025-03-19,2610.296120680095,2440.483011344738,2788.297159796873,-0.6006591455876675
2025-03-20,2603.864833268517,2431.750165119318,2784.7090737334674,-0.24638152585931827
2025-03-21,2634.9957560411835,2457.2789651193552,2809.7727791991138,1.1955660053824424
2025-03-22,2619.1307328592593,2437.513892622693,2797.1707281681156,-0.60208913602805
2025-03-23,2640.8931828364043,2459.3021667266453,2818.078681247163,0.8309035400225095
2025-03-24,2662.717010197061,2489.4275072243486,2841.191393641445,0.8263805405873015
2025-03-25,2648.889447210905,2475.858698693073,2823.5960441571324,-0.519302762298901
2025-03-26,2636.12782917242,2462.126730967332,2804.8307862614583,-0.48177239151757645
2025-03-27,2632.4460205899986,2461.287228372169,2813.8752711800657,-0.13966730071574007
2025-03-28,2665.9935194713626,2490.9586111684507,2839.197674034634,1.274385063130179
2025-03-29,2652.2033511597074,2483.153045416177,2824.3525663436894,-0.5172618842070431
2025-03-30,2675.614488871639,2498.5861519577843,2845.66930198521,0.8827052307921468
2025-03-31,2698.64477216606,2530.3117834593168,2875.7802694124416,0.8607474428849349
2025-04-01,2685.573737173376,2509.8994562245834,2857.4052729638497,-0.48435552272383386
2025-04-02,2673.0853552836484,2495.9567260480376,2842.9590676117737,-0.46501727794194814
2025-04-03,2669.1844353599404,2488.6410061117376,2846.244812076464,-0.14593323464203722
2025-04-04,2702.0118534578623,2537.861746378594,2897.2152152344706,1.229866983451644
2025-04-05,2687.057494056749,2512.7317524390573,2871.183574159129,-0.5534527682391821
2025-04-06,2708.8439239105405,2530.653152249509,2875.176842036928,0.8107913545571277
2025-04-07,2729.8416086441816,2564.8064491919863,2900.013301584892,0.7751529923262668
2025-04-08,2714.3900207101537,2526.003769114918,2894.00301949753,-0.5660250721177262
2025-04-09,2699.2046769985636,2514.704262254683,2873.400142137295,-0.5594385329937723
2025-04-10,2692.3419391983557,2536.0948817637363,2869.0758705515996,-0.25425036710587934
2025-04-11,2721.988917325566,2532.3526227881393,2898.3181029863244,1.101159466246604
2025-04-12,2703.7401685145405,2529.5921474527095,2871.1932685888564,-0.6704196587602351
2025-04-13,2722.141527009525,2551.4397781124994,2900.0474775841717,0.6805890118167124
2025-04-14,2739.746739839512,2558.01231159999,2913.124341901628,0.6467412754004531
2025-04-15,2720.976211036015,2539.453262888442,2901.499077092652,-0.6851191217987052
2025-04-16,2702.5879473105842,2517.6275180841053,2873.150486419208,-0.675796563411668
2025-04-17,2692.6906226879137,2516.8795873538343,2874.2549725272534,-0.3662165604090606
2025-04-18,2719.508278563979,2543.1912750826323,2886.60054936787,0.9959427069009097
2025-04-19,2698.7211523699493,2523.9597821974917,2882.914566750557,-0.7643707635634045
2025-04-20,2714.870272262688,2537.0061702940056,2895.5545251446215,0.5983989816271684
2025-04-21,2730.5563374388503,2562.639779662416,2911.7633010794343,0.5777832309861619
2025-04-22,2710.237116637951,2536.047132451905,2878.4704900511615,-0.7441421560251626
2025-04-23,2690.6634832689197,2515.6970966758017,2864.3651372065056,-0.7222111028171829
2025-04-24,2679.942056219997,2503.211023122962,2848.351765009849,-0.3984677799951819
2025-04-25,2706.276103224859,2523.850918436135,2880.311843254492,0.9826349395779754
2025-04-26,2685.3719635887064,2492.264926930651,2869.924828650073,-0.7724318893864046
2025-04-27,2701.7058908935473,2523.0190923433483,2863.501317949741,0.608255672819813
2025-04-28,2717.8666423228588,2541.4428631033315,2892.505171511056,0.5981684195819792
2025-04-29,2698.2929400084936,2522.189524231586,2873.04661448709,-0.720186267036127
2025-04-30,2679.6759136335295,2498.8960526356336,2857.4039263507534,-0.689955716035251
2025-05-01,2670.072513213367,2486.817127841335,2849.0356771754405,-0.35837917455997514
2025-05-02,2697.623661438501,2513.3704289508546,2878.626913739647,1.0318501871687813
2025-05-03,2678.027142558596,2505.6509345294317,2854.6346735594466,-0.7264363506307325
2025-05-04,2695.66737317783,2524.174391335961,2882.2556731428613,0.6587024581976575
2025-05-05,2713.1021755683882,2526.681537522435,2888.363121980969,0.6467712806125903
2025-05-06,2694.740564277403,2514.3140789156264,2870.59799898022,-0.6767755175729251
2025-05-07,2677.2116442896213,2501.8752413711986,2847.3524211646304,-0.6504863666711436
2025-05-08,2668.5286333820836,2490.7330858948376,2842.4020818774884,-0.3243303877770831
2025-05-09,2696.7838998142115,2512.525578192118,2866.8106083344574,1.0588331741570034
2025-05-10,2677.687766797948,2502.611370375987,2861.4594050960027,-0.7081076469486192
2025-05-11,2695.560492709118,2528.1553383827054,2874.3277539611004,0.6674686321827217
2025-05-12,2712.9623643967384,2541.230792410293,2894.082608097504,0.6455752610519561
2025-05-13,2694.3108257820677,2530.1116834084282,2873.9206001074717,-0.6874971381631401
2025-05-14,2676.214757563743,2505.846219785484,2849.197834972885,-0.6716399624409286
2025-05-15,2666.6879745736187,2483.7351333784964,2844.3949829446838,-0.35597976444898816
2025-05-16,2693.819984704456,2519.3265609591444,2866.6245405927425,1.0174422500696112
2025-05-17,2673.3795463127703,2498.824418132111,2859.5514166012385,-0.7587900642116674
2025-05-18,2689.667726782186,2518.3529427802396,2872.992828727854,0.609273026416357
2025-05-19,2705.290244850858,2538.6047576917563,2874.0004622852443,0.5808344991134806
2025-05-20,2684.712956435505,2510.142831784269,2861.7910713950973,-0.7606314499717381
2025-05-21,2664.560640432691,2486.876164313257,2831.4325073482305,-0.7506320537734701
2025-05-22,2652.879224508554,2467.5273646373457,2816.585888985466,-0.438399327336747
2025-05-23,2677.78166312629,2497.7941868649737,2861.9780776481425,0.9386947731232942
2025-05-24,2655.115801416381,2483.3099327728005,2840.0778906629725,-0.8464417402667013
2025-05-25,2669.178228027522,2500.824256283037,2848.1361231102496,0.5296351520200915
2025-05-26,2682.628746967236,2511.972267763742,2845.924256377036,0.5039198506296083
2025-05-27,2659.9842633480134,2486.2758583467644,2830.680507197729,-0.8441154462697331
2025-05-28,2637.8822735042827,2468.834461418306,2810.662595307256,-0.8309067894977651
2025-05-29,2624.3921622436346,2448.7681868067043,2802.368610412779,-0.5113992916267351
2025-05-30,2647.6366734743933,2480.0713904169347,2818.534993296016,0.8857102823720764
2025-05-31,2623.5246670422785,2450.6492515153695,2795.0440817075696,-0.9106992161607153
2025-06-01,2636.326445329052,2466.8390823368045,2801.0856367527563,0.48796104140336194
2025-06-02,2648.7311050431017,2472.835055436601,2837.0813766665237,0.470528213075716
2025-06-03,2625.279621037239,2443.408745470438,2796.745376703118,-0.8853856082715161
2025-06-04,2602.5938627376354,2432.500605758406,2789.35487609648,-0.8641273149654238
2025-06-05,2588.73778490774,2419.1949057036145,2766.014835471384,-0.5323949321589527
2025-06-06,2611.8152899409642,2440.124524763624,2798.0408564718587,0.891457804949014
2025-06-07,2587.7686320489793,2400.597670241164,2745.399176182772,-0.9206875380735058
2025-06-08,2600.8159075655713,2422.8220013347227,2777.1695601601955,0.5041901874458299
2025-06-09,2613.65189489201,2432.2980927003414,2786.093001591747,0.4935369431223524
2025-06-10,2590.8208483722424,2411.151098366284,2760.13226193905,-0.8735305020682982
2025-06-11,2568.91144551041,2398.6628959815553,2750.3170185696267,-0.8456548771250461
2025-06-12,2555.9681603463264,2386.7112117159413,2730.868872671875,-0.5038431817766309
2025-06-13,2580.0656867957664,2397.443618320593,2753.6706871532865,0.9427944691679846
2025-06-14,2557.173039102918,2372.7657550929584,2727.6209252712633,-0.8872893356943523
2025-06-15,2571.453137019887,2397.5466212103925,2748.739296760842,0.5584329921598963
2025-06-16,2585.6069533999853,2412.459109933366,2772.7267620084276,0.5504209342310329
2025-06-17,2564.1857350628397,2375.490193416646,2730.714989499377,-0.8284792980223554
2025-06-18,2543.7515070296427,2364.5808888753663,2713.803233722984,-0.7969090442154103
2025-06-19,2532.338178194423,2344.93145772662,2703.5718249351266,-0.44868096603299934
2025-06-20,2558.002014876388,2381.036887214168,2746.1176968648456,1.013444290456622
2025-06-21,2536.750883551229,2367.658036253789,2704.3516980347194,-0.8307707031335432
2025-06-22,2552.705351966426,2375.4215005219585,2722.172707027046,0.6289331963437395
2025-06-23,2568.585558962907,2395.9654480967565,2737.2599349221628,0.6220932229506149
2025-06-24,2548.96228866722,2382.0470801076262,2724.29976938498,-0.7639718376214022
2025-06-25,2530.38248729793,2351.889113741706,2700.3375728058068,-0.7289162908332036
2025-06-26,2520.8796021384974,2348.8582337153903,2690.8022111984956,-0.37555133293624143
2025-06-27,2548.4996663160264,2365.3323163474915,2720.5751619863686,1.0956518571572538
2025-06-28,2529.2953173467204,2340.413189118709,2698.6776619004,-0.7535550905944155
2025-06-29,2547.348130410106,2378.083666243773,2735.6125937394163,0.7137487243808138
2025-06-30,2565.3980168865573,2385.207903828273,2742.4646280501674,0.7085755677040284
2025-07-01,2548.033053467393,2379.5737262626567,2720.8632991299623,-0.6768915897206074
2025-07-02,2531.78001024874,2371.047735298558,2713.767720323902,-0.6378662630194598
2025-07-03,2524.664018062906,2359.7893034634944,2702.1960135744034,-0.28106676555735843
2025-07-04,2554.7104523575654,2394.726982369347,2741.445774326984,1.190116153265941
2025-07-05,2538.0040021645664,2371.436112739173,2723.9119929919093,-0.6539469151027211
2025-07-06,2558.572588429977,2391.9087448609916,2728.1631831203404,0.8104237128021996
2025-07-07,2579.1597119452285,2403.5223314302843,2740.4652929603803,0.8046331618007718
2025-07-08,2564.3535135789652,2394.9856356633322,2743.747367469824,-0.5740706284178221
2025-07-09,2550.6428317719856,2372.1761722949113,2723.6492709544223,-0.5346642627226617
2025-07-10,2546.0267436436297,2367.9205293937807,2704.8548228041027,-0.1809774410927223
2025-07-11,2578.492805539422,2410.0100206625857,2761.7826100978496,1.2751657843676156
2025-07-12,2564.141726823416,2380.620383262071,2740.9698052463573,-0.556568499441823
2025-07-13,2586.9334094478986,2421.292449177697,2768.618150860999,0.8888620463549213
2025-07-14,2609.6027488396976,2433.0706525770315,2793.5742495384657,0.8763016206372765
2025-07-15,2596.728382796249,2426.688970114727,2768.0234479424585,-0.4933458185991224
2025-07-16,2584.7546778372566,2404.691370911316,2776.603089903844,-0.4611073317610126
2025-07-17,2581.6514750013357,2408.799671979011,2751.067268120593,-0.12005792513034574
2025-07-18,2615.3689408161426,2439.5763880012623,2789.033237381538,1.3060425135344556
2025-07-19,2602.0280159013546,2417.2600799704687,2771.501900382482,-0.5100972450420294
2025-07-20,2625.528657521973,2455.433017497876,2796.985571934675,0.9031663562806713
2025-07-21,2648.609084637913,2476.4413119465476,2817.6838491478,0.8790773260012319
2025-07-22,2635.8541160342256,2446.9558375358965,2814.081330806722,-0.48157233461392224
2025-07-23,2623.6828974959208,2450.114644178631,2799.943681541336,-0.4617561519913327
2025-07-24,2620.058579722053,2428.5730588994425,2789.4765920325335,-0.1381385600114693
2025-07-25,2652.919428553708,2472.3853782597316,2824.9777293885386,1.2542028291268492
2025-07-26,2638.4346262718013,2465.421971810105,2816.7028674687945,-0.5459948057979003
2025-07-27,2660.474233175907,2496.1323049757325,2823.2069096221467,0.835328898607135
2025-07-28,2681.8113413301785,2513.7407642067355,2872.6241811717055,0.8020039393052292
2025-07-29,2667.069426244913,2495.2158225087246,2855.51653985214,-0.5496999307174844
2025-07-30,2652.675210942144,2475.211164601064,2815.6170347095726,-0.5397015601140587
2025-07-31,2646.6176561843135,2466.8035499869225,2812.0598892452995,-0.22835644306711256
2025-08-01,2676.8547067898016,2507.960077647209,2844.319997762807,1.1424789876555597
2025-08-02,2659.633831457543,2482.926575280836,2844.5566674379966,-0.6433249921476314
2025-08-03,2678.823110200072,2511.528938643478,2841.520904053018,0.7215007763686332
2025-08-04,2697.255735998269,2525.3610917120845,2882.857520117471,0.6880867097200927
2025-08-05,2679.6158622171524,2507.876111576536,2864.2641418805615,-0.6539933735496439
2025-08-06,2662.356138328951,2485.6628542200997,2824.993803225097,-0.6441118718382377
2025-08-07,2653.5056083064273,2473.9641499230415,2828.6788444244794,-0.33243223530864396
2025-08-08,2681.051757231767,2502.7649022379424,2848.01403936465,1.0381040401463704
2025-08-09,2661.3255281832458,2482.20499203662,2836.381456790772,-0.7357645743060637
2025-08-10,2678.1933529973303,2507.3229757199024,2852.499168703468,0.6338129114779711
2025-08-11,2694.5439014857575,2527.8034825909435,2874.5179360904904,0.6105066488246047
2025-08-12,2675.1124082702368,2503.0802799211124,2843.460725213153,-0.7211422016470515
2025-08-13,2656.3629483858654,2475.4921923860784,2831.9692346810416,-0.700884935765933
2025-08-14,2646.3453957806087,2478.59221369059,2834.663046060692,-0.37711535659477047
2025-08-15,2673.0530038120974,2499.1059360224635,2836.569771736584,1.0092260849272394
2025-08-16,2652.8722111795646,2467.476752644033,2825.339799016221,-0.7549716598867495
2025-08-17,2669.6360020157067,2492.6487720293667,2844.60336100322,0.6319109818217816
2025-08-18,2686.2533572793445,2496.497977643375,2862.4656409958957,0.62245771524998
